Size,8,8
Beta,0.1
Delta,0.1
autocorr,1, 0.966602, 1.00008, 0.8931, 0.992727, 0.995525, 0.961193, 1.02726, 0.996429, 0.923616, 0.952673, 1.02058, 0.953634, 0.915085, 0.984995, 1.01652, 1.02004, 1.01491, 0.878427, 0.972234, 0.950579, 0.943198, 1.00352, 1.00716, 0.967156, 0.972808, 1.0574, 0.988142, 0.98435, 0.837269, 0.941485, 0.996793, 0.961028, 0.956389, 0.992534, 0.837378, 0.988301, 0.972532, 0.89667, 0.984931, 0.811974, 0.874464, 0.892592, 0.947711, 0.977615, 0.918248, 0.90989, 0.95594, 1.03319, 0.925817, 1.07451, 1.08549, 0.914019, 1.04347, 1.14687, 1.1078, 1.13509, 0.946366, 0.830725, 1.19221, 0.918205, 1.05598, 1.14598, 1.14213, 1.24766, 1.07554, 0.919904, 0.931727, 1.07502, 0.897836, 0.932009, 1.19824, 0.861072, 0.767372, 0.888829, 0.847331, 1.037, 1.09067, 0.96886, 0.919546, 1.1659, 1.03355, 1.17735, 1.2483, 0.779741, 0.941385, 1.17396, 0.938854, 1.29065, 0.875083, 0.839786, 0.642141, 0.448278, 0.425142, 0.649049, 0.464999, 0.645585, 0.318856, 0.637712


Size,8,8
Beta,0.1
Delta,0.5
autocorr,1, 1.09695, 0.987969, 1.32718, 1.0394, 1.04469, 1.04411, 1.18237, 0.957867, 1.09335, 1.01465, 1.12263, 1.01259, 1.09425, 1.0078, 1.20865, 0.965478, 1.06715, 1.00157, 1.23683, 1.02351, 0.998208, 0.939998, 1.18097, 1.0539, 1.12156, 1.03858, 1.16482, 1.14738, 1.04627, 1.15997, 1.09308, 1.10399, 1.13566, 1.14909, 1.08679, 1.11265, 1.17234, 1.23026, 1.04385, 1.23075, 1.3708, 1.13517, 1.25633, 1.18582, 1.31008, 0.997379, 1.07276, 1.08452, 1.09825, 0.991601, 0.907857, 0.873186, 0.898457, 0.906823, 0.893661, 0.905645, 0.913132, 0.898131, 0.920363, 0.899666, 1.09024, 0.919424, 0.805419, 0.804819, 0.89013, 0.798102, 0.787439, 0.768111, 1.18384, 0.786583, 0.876389, 0.845581, 0.821136, 0.875793, 1.03948, 1.23243, 0.822438, 0.81021, 0.953011, 1.10367, 0.842147, 1.19886, 1.0947, 0.825198, 1.15657, 1.2441, 1.35543, 1.00121, 1.11395, 1.07511, 0.884391, 0.514007, 0.685729, 0.309146, 0.417688, 0.409164, 0.841059, 0.818328


Size,8,8
Beta,0.1
Delta,1
autocorr,1, 1.02339, 0.982252, 1.03057, 1.07527, 1.08653, 1.12149, 1.02213, 1.06867, 0.926674, 1.11483, 1.13513, 1.22732, 0.980787, 0.959152, 1.19112, 1.09453, 1.05443, 1.04986, 1.01456, 1.13338, 0.878427, 1.16107, 1.12664, 1.12142, 1.12211, 1.12767, 1.06876, 1.03434, 1.10891, 0.968744, 1.15765, 1.03726, 1.07543, 0.959844, 1.25747, 1.18398, 0.996621, 1.17484, 1.06421, 0.989861, 1.10658, 1.14327, 1.13172, 1.06238, 0.950257, 1.00281, 1.13622, 1.0965, 1.07821, 0.979821, 1.0288, 1.1601, 0.81381, 0.925469, 0.871219, 0.940266, 0.736085, 0.929963, 0.922267, 0.855571, 0.879379, 0.810409, 0.929461, 1.07796, 0.954645, 0.732796, 0.818277, 0.940173, 0.833249, 0.821787, 0.93091, 0.887259, 0.711403, 0.913937, 0.864078, 0.911737, 0.984212, 0.804777, 0.949217, 0.892177, 0.828997, 0.736103, 0.66009, 0.662057, 0.91966, 0.720723, 1.01307, 1.223, 1.01922, 0.673222, 0.941736, 0.990018, 0.816682, 1.16202, 0.796265, 0.630011, 0.945017, 0.630011


Size,8,8
Beta,0.1
Delta,5
autocorr,1, 1.01487, 0.913055, 1.14371, 0.973696, 0.992975, 1.00156, 1.04123, 0.895905, 1.03595, 1.04605, 0.979799, 0.890168, 0.987609, 0.997325, 0.922742, 1.03069, 1.10698, 0.960634, 0.938967, 0.943664, 1.13964, 0.952943, 1.07312, 0.951368, 1.1816, 0.987955, 1.08522, 0.966922, 1.05254, 1.05517, 1.14326, 1.01025, 0.95328, 1.0216, 0.996245, 0.912847, 0.812958, 0.978067, 0.996342, 1.0094, 0.917653, 1.04573, 0.928427, 0.932134, 0.909052, 0.92735, 0.967241, 1.03764, 1.17244, 0.940226, 1.05091, 1.11438, 1.04404, 0.929083, 0.902118, 1.14106, 1.12821, 0.859165, 0.923151, 0.86858, 0.915822, 0.970945, 0.917846, 0.935245, 0.742548, 0.94256, 0.928067, 0.951556, 0.831984, 0.763429, 0.781775, 0.825854, 0.875542, 0.977824, 0.979606, 0.866318, 0.714408, 0.822802, 1.00506, 1.02852, 0.884877, 0.758765, 1.04159, 0.977121, 0.760963, 0.723519, 0.588739, 0.60745, 0.406547, 0.539891, 0.59314, 0.571957, 0.205496, 0.182399, 0.436429, 0.276388, 0.165253, 0


Size,8,8
Beta,0.1
Delta,10
autocorr,1, 0.956413, 1.0922, 0.992089, 1.01583, 1.11674, 1.03381, 0.954524, 0.98739, 0.946581, 0.905259, 1.09054, 1.07531, 1.00058, 1.00699, 0.94626, 1.01159, 1.11317, 1.10703, 0.993562, 1.01529, 0.985811, 0.918797, 1.0648, 1.11741, 0.97467, 1.10992, 1.04479, 0.827831, 1.11969, 1.15268, 0.923396, 0.969042, 1.00234, 0.885034, 0.947868, 0.988462, 0.956986, 1.03222, 0.978723, 0.900776, 1.00284, 1.07823, 1.18858, 1.08163, 1.13715, 0.99588, 1.08698, 1.07485, 0.989405, 1.0668, 1.04602, 0.952299, 0.949281, 1.07973, 0.993572, 0.985418, 1.17389, 0.980506, 1.0173, 1.26244, 1.02413, 1.11345, 1.09503, 1.12826, 1.0847, 1.04573, 1.07928, 1.06845, 1.10357, 1.14604, 1.06454, 1.03522, 1.18576, 1.17805, 1.13775, 1.02453, 1.06767, 1.06745, 1.07577, 1.02569, 0.93357, 1.18286, 1.01576, 1.09477, 1.07361, 1.05846, 1.28893, 1.29294, 1.33872, 1.27682, 1.16656, 1.35717, 1.42256, 1.02588, 0.919748, 0.655613, 0.820229, 1.11237


Size,8,8
Beta,0.5
Delta,0.1
autocorr,1, 0.959377, 0.970764, 1.02817, 1.06049, 1.02183, 1.04258, 0.927687, 1.09591, 1.02142, 1.04046, 1.02493, 0.970336, 0.966214, 1.04992, 1.07669, 1.0122, 1.00733, 0.957617, 0.98093, 1.04084, 1.02567, 0.906861, 0.962929, 0.979719, 0.953808, 1.00245, 0.952566, 0.987282, 1.03053, 1.05564, 0.977806, 0.961284, 1.01627, 1.00627, 0.94129, 0.933842, 0.995353, 1.14214, 1.00883, 0.977088, 1.04635, 0.915892, 1.02935, 0.969804, 1.10006, 1.00354, 1.01254, 1.02804, 0.986209, 1.06356, 0.89351, 0.976743, 0.924553, 1.08517, 1.07672, 1.04646, 1.01038, 0.982035, 1.08849, 1.08845, 1.1459, 1.02461, 0.948272, 0.996797, 1.13724, 1.04453, 1.05605, 0.992002, 0.969416, 1.17933, 1.09817, 1.18849, 1.04243, 1.1095, 1.06025, 1.20131, 1.22485, 0.941037, 1.11587, 0.948339, 1.02426, 0.988616, 1.09145, 0.722366, 0.924929, 1.03893, 0.921177, 0.76438, 0.882278, 0.68932, 0.712588, 1.08537, 0.627492, 0.766251, 0.808044, 1.02083, 0.201271, 0.852442


Size,8,8
Beta,0.5
Delta,0.5
autocorr,1, 0.964533, 0.971928, 0.987318, 1.05644, 0.970307, 0.879696, 1.01444, 1.08618, 0.941075, 1.018, 0.920817, 0.980326, 1.0411, 0.944514, 0.963166, 1.00181, 0.894354, 0.917082, 0.947818, 0.908895, 1.01882, 0.941344, 0.925327, 1.02095, 1.01257, 0.894309, 0.873646, 0.90336, 0.982345, 1.08484, 0.947356, 0.954954, 1.02233, 0.922372, 0.976094, 0.944649, 0.914003, 1.00605, 1.01056, 1.00518, 1.05139, 0.942251, 0.87234, 0.9611, 0.960658, 0.970567, 0.979484, 0.778172, 0.96464, 1.01413, 0.918417, 0.921688, 0.923612, 1.03246, 1.19275, 0.962679, 0.911675, 0.927161, 0.978584, 0.936924, 0.952647, 0.989175, 1.09282, 1.1021, 1.00515, 1.10714, 1.05115, 1.00889, 0.943405, 1.00541, 1.09689, 1.2007, 0.997065, 0.93755, 1.06891, 1.16695, 1.19718, 0.975246, 1.0104, 1.14816, 1.26467, 0.795348, 0.70002, 0.688004, 1.09826, 1.02054, 0.724127, 0.620827, 0.654633, 0.858175, 0.760154, 0.493678, 0.457798, 0.912779, 1.46583, 1.41565, 0.824036, 0.285243


Size,8,8
Beta,0.5
Delta,1
autocorr,1, 1.15977, 1.13252, 1.06423, 1.14823, 1.16939, 1.18396, 1.17275, 1.09623, 1.18794, 1.04992, 1.29128, 1.17502, 1.20528, 1.19678, 1.12568, 1.12847, 1.18794, 1.15845, 1.26863, 1.13947, 1.22764, 1.17492, 1.05768, 1.10558, 1.22395, 1.14785, 1.19892, 1.27017, 1.0977, 1.20261, 1.1184, 1.12692, 1.15235, 1.2487, 1.06019, 1.10575, 1.09664, 1.00264, 1.07877, 1.24014, 1.03285, 1.22411, 1.00119, 1.17856, 1.06958, 1.05917, 1.1128, 1.23327, 1.03044, 1.02264, 1.05603, 1.12306, 0.975256, 1.22403, 1.04491, 1.11066, 1.02667, 0.868737, 0.97288, 1.13251, 0.905934, 1.18834, 0.951811, 1.06807, 0.982024, 0.996513, 1.09063, 0.825629, 0.990541, 0.929823, 0.770963, 0.985198, 0.890921, 0.950381, 0.934575, 0.832527, 1.09272, 0.740014, 0.94251, 0.943808, 0.543034, 1.20558, 0.890991, 0.899193, 1.0138, 0.662865, 0.697446, 0.692334, 0.938288, 0.773638, 0.550129, 0.785266, 1.07129, 0.559652, 1.31986, 0.738317, 2.18425, 1.03255


Size,8,8
Beta,0.5
Delta,5
autocorr,1, 1.06121, 1.09189, 1.07318, 1.07071, 1.06971, 1.09977, 1.02683, 1.18141, 1.10111, 1.18927, 1.01095, 1.12374, 1.06366, 1.11934, 1.02428, 1.07224, 1.14423, 1.18315, 1.09009, 1.16743, 1.15843, 1.08796, 1.12462, 0.938883, 1.14076, 0.983121, 1.13606, 1.13351, 1.07625, 1.03273, 1.21684, 1.15051, 1.01246, 1.20346, 0.993303, 1.16642, 1.07451, 1.13923, 1.18325, 1.08471, 1.21276, 1.26682, 0.943083, 1.01129, 1.07046, 1.1451, 1.05509, 1.11703, 1.17005, 1.16447, 1.18682, 1.03015, 1.21041, 0.989039, 1.10108, 0.91745, 1.15356, 0.950099, 0.994233, 1.28943, 0.96845, 1.08409, 1.08471, 1.03228, 0.952168, 1.15678, 1.04045, 1.19948, 1.18606, 1.14814, 1.25465, 1.23078, 1.12932, 1.11533, 1.1346, 1.06104, 1.088, 0.964381, 1.06154, 1.01702, 1.18047, 1.02496, 1.07418, 1.1595, 0.99244, 1.03769, 0.92199, 1.20414, 1.07605, 1.09755, 0.971311, 1.24185, 1.1431, 1.14885, 1.26765, 0.406387, 1.29674, 0.269324


Size,8,8
Beta,0.5
Delta,10
autocorr,1, 0.913046, 0.852841, 0.908641, 0.850871, 0.929179, 0.907887, 0.907625, 0.903123, 0.827052, 0.856624, 0.783019, 0.826251, 0.922886, 0.982047, 0.858426, 0.771524, 0.766089, 0.844414, 0.844216, 0.765604, 0.838996, 0.865214, 0.813608, 0.830016, 0.852249, 0.714205, 0.819557, 0.798638, 0.875017, 0.852892, 0.847635, 0.857033, 0.752358, 0.682472, 0.764883, 0.88892, 0.911842, 0.883078, 0.853809, 0.836826, 0.753114, 0.640236, 0.679055, 0.804244, 0.869954, 0.898585, 0.780163, 0.750602, 0.714863, 0.840477, 0.956359, 0.976841, 0.881953, 0.995032, 1.05535, 0.827225, 0.76887, 0.805216, 0.879558, 0.971977, 0.958682, 0.898542, 0.736604, 0.787766, 1.00393, 1.06107, 0.826591, 1.07025, 1.088, 1.11727, 0.98509, 0.938343, 0.928627, 1.26968, 1.05754, 1.12422, 1.41775, 1.16638, 1.08627, 1.32277, 1.58274, 1.02622, 1.60635, 1.41152, 1.60999, 1.21215, 1.28129, 1.35839, 1.31338, 1.54199, 1.41918, 1.61761, 1.36735, 1.58779, 0.714171, 0.977135, 0.609273, 0.362115


Size,8,8
Beta,1
Delta,0.1
autocorr,1, 0.958321, 0.988923, 0.954825, 0.96437, 1.01642, 0.991801, 1.00806, 1.00191, 0.962266, 0.968109, 0.976353, 0.976706, 1.01598, 1.0047, 0.936867, 0.979001, 0.983152, 0.928815, 0.990335, 1.01757, 0.968898, 0.977538, 0.949909, 0.975321, 0.969796, 0.984291, 0.996004, 1.02515, 0.981343, 0.959723, 0.993002, 1.01765, 1.03838, 1.08218, 1.00247, 1.0131, 0.992471, 1.01387, 1.02693, 1.0175, 1.04821, 1.05867, 0.973148, 1.02632, 1.0304, 0.938228, 0.989133, 1.00706, 0.956981, 0.952396, 0.959246, 0.935288, 1.00953, 1.00387, 0.917452, 0.933986, 0.901897, 0.839889, 0.908129, 0.930518, 0.908825, 0.996305, 0.947928, 0.867903, 0.948019, 0.941863, 0.963103, 1.00567, 0.983341, 0.93966, 1.02195, 0.881526, 0.972238, 1.08032, 1.01295, 0.96959, 1.06755, 1.04155, 1.02288, 0.973397, 0.880163, 0.953359, 1.02065, 0.938551, 0.908295, 0.979565, 1.02573, 1.07406, 1.02955, 0.893704, 0.990183, 1.16546, 1.02573, 1.0471, 1.20193, 1.39472, 1.53555, 1.31618


Size,8,8
Beta,1
Delta,0.5
autocorr,1, 0.997239, 0.998912, 0.985033, 0.981943, 1.00041, 1.03868, 1.01574, 1.01736, 0.997473, 0.974696, 1.00449, 0.967695, 1.00549, 0.978394, 0.992736, 0.966232, 0.968887, 1.00966, 0.972726, 1.01752, 0.993325, 1.02212, 1.06123, 1.01836, 1.02171, 1.04661, 1.05228, 1.04479, 1.07811, 1.04054, 1.01715, 1.0655, 1.04635, 1.04131, 1.09322, 1.04633, 1.01288, 1.02682, 1.0052, 0.975486, 0.992548, 1.08002, 1.01504, 1.01483, 0.994988, 0.964924, 1.03798, 1.00003, 1.05242, 1.01269, 1.00674, 0.955966, 0.981848, 0.979071, 0.933631, 0.990757, 0.993863, 0.98496, 0.979735, 0.881233, 0.959467, 0.82614, 0.864057, 0.79725, 0.884854, 0.88953, 0.856961, 0.902535, 0.810502, 0.771164, 0.823343, 0.912289, 0.835678, 0.853879, 0.961187, 0.863126, 0.94063, 0.93826, 0.977742, 1.03372, 0.968919, 1.05212, 0.992334, 1.10763, 1.10715, 1.05538, 1.11711, 1.00443, 1.00874, 0.968819, 0.917856, 1.06573, 1.05954, 1.10188, 1.14899, 1.25874, 1.48608, 1.17428


Size,8,8
Beta,1
Delta,1
autocorr,1, 1.01923, 1.05089, 0.996153, 1.03229, 1.03925, 1.02926, 0.991309, 1.00215, 1.00029, 1.04308, 1.00797, 0.946115, 1.00386, 0.921895, 1.0131, 1.02564, 1.02528, 0.939168, 1.01599, 1.00477, 0.938187, 1.04239, 0.999045, 0.970163, 0.940999, 0.991592, 1.02128, 1.0337, 1.07217, 1.00654, 1.08744, 0.988149, 1.14694, 1.13673, 1.05235, 1.04825, 1.15418, 1.08096, 1.097, 1.17263, 1.02128, 0.977514, 1.11869, 1.03871, 1.11515, 1.04262, 1.06848, 1.03532, 1.07872, 1.04663, 1.07812, 1.01036, 1.00048, 1.11551, 0.957798, 1.05605, 1.03655, 0.958919, 0.971466, 0.879701, 0.9235, 0.83803, 0.975874, 0.927876, 0.91246, 0.989374, 1.05494, 1.00305, 1.0035, 1.01288, 1.00586, 1.06848, 0.950528, 1.13846, 1.1679, 1.06209, 1.17374, 1.10334, 1.2064, 1.08392, 1.24203, 1.19801, 1.33869, 1.25932, 1.19927, 1.4159, 1.29066, 1.63434, 1.35444, 1.43723, 1.32976, 1.06329, 1.3532, 1.01499, 1.3438, 0.796247, 0.887928, 2.26073


Size,8,8
Beta,1
Delta,5
autocorr,1, 0.980908, 0.929421, 0.916083, 0.938992, 0.923442, 0.928507, 0.973465, 0.949024, 0.95674, 0.992989, 0.937524, 0.944481, 0.976495, 0.969882, 0.952436, 0.934535, 0.966968, 0.975259, 0.992077, 0.931294, 0.947981, 0.957502, 0.897544, 0.963296, 0.919207, 0.986322, 1.04233, 1.05767, 1.01323, 0.992748, 0.961255, 1.0028, 0.939867, 0.893128, 0.910252, 0.95247, 0.926571, 1.03847, 0.957212, 0.977985, 0.985191, 0.865319, 1.00996, 1.01355, 0.921064, 0.965468, 0.889707, 1.05445, 1.10521, 1.03158, 0.92059, 0.922488, 0.857426, 0.919485, 0.946661, 0.943813, 1.04816, 0.999227, 1.03004, 1.01778, 1.00079, 0.960059, 1.05299, 1.11135, 1.01336, 0.937215, 0.916437, 1.04971, 0.871075, 0.879087, 0.967008, 0.929153, 0.862654, 0.927914, 0.969414, 0.950823, 1.1547, 1.21025, 1.17909, 1.07242, 0.964944, 1.16909, 1.12311, 0.958835, 1.0097, 1.20779, 1.19769, 1.28888, 1.26757, 1.43372, 1.38569, 1.06053, 1.41448, 1.30554, 0.574036, 0.582356, 1.40098, 0.718793


Size,8,8
Beta,1
Delta,10
autocorr,1, 0.835686, 0.739879, 0.606765, 0.728663, 0.759619, 0.773318, 0.804786, 0.735897, 0.676546, 0.734242, 0.725231, 0.687494, 0.676545, 0.593249, 0.629228, 0.663179, 0.725037, 0.850555, 0.867712, 0.842401, 0.795478, 0.764791, 0.726709, 0.76843, 0.834799, 0.882772, 0.885911, 0.771359, 0.744843, 0.721794, 0.736417, 0.739396, 0.765509, 0.807973, 0.749035, 0.742835, 0.667936, 0.719072, 0.754192, 0.765433, 0.888561, 0.822185, 0.805566, 0.771643, 0.720624, 0.805781, 0.880062, 0.885788, 0.905641, 0.883554, 0.759718, 0.800195, 0.806156, 0.808326, 0.82635, 0.70445, 0.75025, 0.773211, 0.812636, 0.934954, 0.932403, 0.969238, 0.789045, 0.607031, 0.674604, 0.750176, 0.901245, 1.10926, 1.09218, 1.004, 0.840243, 0.616583, 0.761325, 0.885689, 0.897198, 0.89927, 0.782919, 0.828817, 0.876773, 1.00989, 1.06277, 0.921442, 0.743585, 0.781835, 1.10385, 1.37104, 1.64062, 1.74471, 1.71424, 1.62358, 1.34708, 1.54243, 1.54664, 1.69426, 1.91888, 2.23378, 3.76274, 3.40267


Size,8,8
Beta,5
Delta,0.1
autocorr,1, 0.999994, 0.999987, 0.99998, 0.999973, 0.999966, 0.999959, 0.999952, 0.999944, 1.00028, 1.00028, 1.00028, 1.00027, 1.00027, 1.00026, 1.00026, 1.00025, 1.00025, 1.00025, 1.00024, 1.00024, 1.00023, 1.00023, 1.00022, 1.00021, 1.00021, 1.0002, 1.0002, 1.00019, 1.00019, 1.00018, 1.00017, 1.00017, 1.00016, 1.00015, 1.00014, 1.00014, 1.00013, 1.00012, 1.00011, 1.0001, 1.00009, 1.00008, 1.00007, 1.00006, 1.00005, 1.00004, 1.00003, 1.00002, 1.00001, 0.999994, 0.99998, 0.999966, 0.999952, 0.999937, 0.999921, 0.999905, 0.999887, 0.999869, 0.99985, 0.99983, 0.999809, 0.999787, 0.999763, 0.999738, 0.999712, 0.999684, 0.999655, 0.999623, 0.999589, 0.999553, 0.999515, 0.999474, 0.999429, 0.999381, 0.999329, 0.999272, 0.99921, 0.999143, 0.999068, 0.998986, 0.998895, 0.998792, 0.998677, 0.998547, 0.998398, 0.998226, 0.998026, 0.997789, 0.997505, 1.00063, 1.00063, 1.00063, 1.00063, 1.00063, 1.00063, 1.00063, 1.00063, 1.00063


Size,8,8
Beta,5
Delta,0.5
autocorr,1, 0.999106, 1.00005, 1.00029, 1.00122, 1.00093, 1.00013, 1.00053, 1.00061, 1.0003, 1.00016, 1.00092, 0.999939, 1.00039, 1.00358, 1.00446, 1.00315, 1.00253, 1.00282, 1.00205, 1.00114, 1.00058, 1.00077, 0.999946, 0.999074, 0.997659, 0.998971, 0.998354, 0.997197, 0.99791, 1.00031, 1.00014, 1.00004, 1.0009, 1.00367, 1.00321, 1.00115, 1.00135, 1.00136, 1.00099, 0.999371, 0.999072, 0.999757, 0.999807, 0.998887, 0.998107, 0.998979, 0.997792, 0.996693, 0.999397, 1.00318, 1.00239, 1.00088, 1.00169, 1.00089, 1.00009, 0.999968, 1.00075, 1.00037, 0.998275, 0.998161, 0.997577, 0.997563, 0.995098, 0.995147, 0.997434, 0.999059, 0.999988, 0.998701, 1.00338, 1.00632, 1.00371, 1.00203, 1.00454, 1.00206, 1, 0.998112, 0.996211, 0.994791, 0.994628, 0.993527, 0.988887, 0.98629, 0.981779, 0.980208, 0.993574, 1.00008, 0.995802, 0.996113, 0.991613, 0.989205, 0.99228, 0.998088, 0.98358, 0.972064, 1.00458, 0.993962, 1.03813, 1.03758


Size,8,8
Beta,5
Delta,1
autocorr,1, 1.01457, 1.01134, 0.987308, 1.01156, 0.998688, 0.997951, 0.999459, 1.00786, 1.00121, 1.00025, 0.99374, 1.01961, 1.01123, 1.02397, 1.05795, 1.03547, 1.07054, 1.0456, 1.01439, 1.08128, 1.01174, 1.0524, 1.07039, 1.0094, 1.06436, 0.99908, 0.974464, 1.02022, 1.01461, 1.07769, 0.999462, 1.07391, 1.05192, 1.05313, 1.01062, 1.03946, 0.983583, 1.0075, 1.00587, 0.960792, 1.00021, 0.958513, 1.01252, 0.942089, 0.947891, 1.00069, 1.00391, 1.03203, 0.996892, 0.996151, 1.07728, 0.9707, 0.951924, 0.988139, 0.935794, 0.97025, 0.975253, 0.92735, 0.97285, 0.986024, 0.895201, 0.898575, 0.945466, 0.940469, 0.981026, 0.974332, 1.00379, 0.862449, 0.916492, 0.888877, 0.877051, 0.938258, 0.846631, 0.812642, 0.76853, 0.760429, 0.732737, 0.792397, 0.668751, 0.819841, 0.890307, 0.859238, 0.94621, 0.922132, 0.857323, 0.821053, 0.791536, 0.73331, 0.942159, 0.965974, 0.851171, 0.606657, 0.490877, 0.405819, 0.534393, 0.600306, 0.525174, 0.151471


Size,8,8
Beta,5
Delta,5
autocorr,1, 0.975243, 0.8682, 0.821792, 0.93934, 0.947336, 0.993565, 0.889004, 0.943401, 0.804946, 0.907859, 0.840668, 0.804453, 0.872968, 0.849861, 0.844113, 0.872789, 0.955893, 0.847465, 0.870053, 0.7363, 0.810569, 0.808635, 0.82071, 0.942376, 0.889916, 0.834171, 0.800959, 0.800809, 0.808884, 0.910816, 0.94181, 0.941774, 0.96795, 0.82448, 0.999454, 1.03788, 0.987165, 1.02527, 0.941852, 0.854151, 0.975422, 0.971759, 0.952806, 0.86915, 0.807121, 0.886368, 0.906415, 0.966083, 0.876934, 1.00958, 0.810041, 0.92067, 1.10435, 0.946651, 1.02552, 0.937517, 0.900264, 0.873361, 0.89223, 0.812441, 1.02138, 0.884969, 0.909605, 0.965172, 0.798286, 0.77476, 0.724941, 0.895582, 0.886636, 1.04417, 1.03283, 1.08318, 1.02664, 0.967205, 1.12094, 0.985077, 1.07093, 1.26502, 1.43852, 1.42967, 1.20505, 0.940099, 0.967916, 1.08131, 0.93372, 1.533, 1.54486, 1.34643, 1.8747, 1.36663, 1.12525, 1.45259, 1.36015, 1.18283, 1.97378, 1.86766, 2.43531, 3.37197


Size,8,8
Beta,5
Delta,10
autocorr,1, 0.916483, 0.993674, 0.956037, 0.94237, 0.906202, 0.89648, 0.971129, 1.01099, 0.963276, 0.910963, 0.902027, 0.980375, 0.86686, 0.892546, 0.969635, 0.91431, 0.99017, 0.860646, 0.828664, 0.920136, 0.825972, 0.807825, 0.807722, 0.861214, 0.920551, 0.916725, 0.947374, 0.965452, 0.88561, 1.0017, 1.02337, 0.978173, 0.977849, 0.992566, 0.848391, 0.87858, 0.8509, 0.93999, 1.02887, 0.97087, 0.934994, 1.15164, 1.10438, 0.897659, 0.932647, 0.939059, 0.90377, 1.0236, 0.880937, 0.983061, 1.00216, 0.987208, 0.731812, 0.835222, 1.02485, 0.82703, 0.854096, 1.01765, 1.08796, 1.16971, 1.0902, 0.966579, 0.925927, 1.00403, 1.05032, 0.940622, 1.00948, 1.08349, 1.20434, 1.13829, 1.27342, 1.06425, 1.16359, 1.38742, 1.41458, 1.33792, 1.24055, 1.24593, 1.11069, 1.30766, 0.999808, 1.14461, 1.32245, 1.24066, 1.16535, 1.18853, 1.35043, 1.16018, 1.41169, 1.17339, 1.50506, 1.45985, 1.36512, 1.1525, 0.986555, 0.665403, 0.446777, 0.306361


Size,8,8
Beta,10
Delta,0.1
autocorr,1, 1, 1, 1, 1, 1, 1, 1, 1, 1, 1, 1, 1, 1, 1, 1, 1, 1, 1, 1, 1, 1, 1, 1, 1, 1, 1, 1, 1, 1, 1, 1, 1, 1, 1, 1, 1, 1, 1, 1, 1, 1, 1, 1, 1, 1, 1, 1, 1, 1, 1, 1, 1, 1, 1, 1, 1, 1, 1, 1, 1, 1, 1, 1, 1, 1, 1, 1, 1, 1, 1, 1, 1, 1, 1, 1, 1, 1, 1, 1, 1, 1, 1, 1, 1, 1, 1, 1, 1, 1, 1, 1, 1, 1, 1, 1, 1, 1, 1


Size,8,8
Beta,10
Delta,0.5
autocorr,1, 0.999633, 0.999009, 0.999137, 0.999182, 0.99756, 0.997024, 0.996723, 0.996896, 0.997234, 0.996258, 0.995741, 0.995762, 0.995905, 0.995487, 0.994281, 0.993902, 0.993959, 0.995329, 0.993918, 0.99311, 0.992821, 0.992497, 1.00342, 1.00179, 1.00131, 1.00045, 1.00614, 0.999637, 0.999053, 0.99797, 0.997427, 0.997911, 0.998107, 0.997613, 0.99787, 0.996717, 0.995899, 0.997022, 0.995876, 0.995891, 0.995576, 0.996207, 0.995089, 0.993825, 0.993423, 0.991907, 0.992048, 1.0011, 1.00011, 0.998932, 1.00868, 1.00923, 1.0083, 1.00784, 1.00663, 1.00574, 1.00742, 1.00648, 1.00679, 1.00616, 1.00696, 1.00624, 1.00589, 1.00555, 1.00415, 1.00743, 1.00614, 1.00639, 1.00381, 1.00203, 1.00102, 0.999256, 0.998374, 0.994948, 0.993661, 1.02557, 1.02561, 1.02734, 1.02582, 1.02589, 1.03152, 1.0324, 1.03267, 1.03351, 1.03203, 1.03251, 1.03914, 1.03736, 1.03556, 1.04436, 1.04299, 1.04593, 1.04436, 1.04216, 1.04711, 1.04436, 1.05535, 1.05535


Size,8,8
Beta,10
Delta,1
autocorr,1, 1.14328, 1.0272, 1.08662, 0.993618, 0.998539, 1.12932, 0.948702, 1.12611, 1.1004, 1.14195, 1.13898, 1.09983, 1.03492, 1.16047, 1.07155, 1.07923, 1.06, 1.22812, 0.937928, 1.17253, 1.08969, 1.08759, 1.0097, 1.16207, 1.15732, 1.01697, 1.1844, 0.85591, 1.11091, 0.991743, 1.08628, 0.982751, 1.06941, 1.08131, 1.04206, 1.22437, 1.12901, 0.931311, 1.12287, 1.02595, 1.12805, 1.07909, 1.17979, 1.09464, 1.08741, 1.16433, 0.946814, 1.17286, 0.931849, 1.15184, 0.953396, 1.2673, 0.897765, 1.07519, 1.10735, 0.949071, 1.09356, 1.09539, 1.10811, 0.987755, 1.16572, 1.21104, 1.10447, 1.11448, 1.05172, 0.984583, 1.15466, 0.91304, 1.10888, 0.917499, 1.22678, 0.970557, 1.11232, 1.16677, 0.932993, 1.20028, 0.809628, 1.1007, 0.829436, 1.15712, 0.784374, 1.00751, 1.10528, 0.880948, 0.85142, 0.949458, 1.08967, 0.686553, 0.771842, 1.10279, 0.648535, 0.728656, 1.33805, 0.761055, 0.856454, 0.240608, 2.20572, 0.380367


Size,8,8
Beta,10
Delta,5
autocorr,1, 1.10137, 1.04018, 0.920511, 1.10751, 0.955669, 0.926671, 1.03261, 0.850463, 1.05835, 0.927568, 1.03841, 1.10424, 1.07659, 1.05258, 1.03502, 1.08858, 1.02846, 0.960901, 0.965207, 0.967806, 1.09274, 1.13455, 0.940181, 1.05142, 1.12153, 1.03343, 1.21232, 1.06263, 1.14596, 1.04465, 0.860267, 1.17743, 0.897663, 1.1099, 1.09237, 0.772075, 1.11467, 0.985578, 1.05707, 1.09768, 0.84785, 1.07233, 0.941659, 0.942247, 0.989968, 1.09695, 1.10663, 1.00883, 0.902107, 0.970226, 0.932177, 1.08846, 0.856889, 1.16625, 1.07615, 1.1045, 1.06075, 1.01465, 0.871445, 1.22441, 0.883743, 1.11002, 0.891116, 0.76607, 0.929612, 0.738464, 0.847959, 1.11173, 1.00342, 1.11606, 0.855892, 1.05582, 1.21938, 0.928491, 1.15117, 0.90371, 1.05142, 0.960305, 0.766025, 0.889734, 0.712712, 1.04713, 0.999885, 0.949158, 1.18171, 0.975757, 1.16972, 1.01439, 0.924524, 1.41271, 0.962146, 0.922328, 0.992585, 0.841518, 1.16931, 0.786536, 0.906641, 1.22015


Size,8,8
Beta,10
Delta,10
autocorr,1, 0.942672, 1.03988, 0.952607, 1.07071, 1.03342, 0.986407, 1.00179, 0.951246, 1.04171, 0.909263, 0.953496, 1.06355, 1.01779, 1.03359, 1.01668, 0.912528, 0.922299, 1.03429, 0.993882, 1.02502, 1.09167, 1.03846, 1.03064, 1.07133, 1.16375, 1.05673, 1.06883, 1.08634, 1.14658, 1.16196, 1.09403, 0.955408, 1.03332, 1.11828, 1.16219, 0.990795, 1.0158, 1.02329, 1.03122, 1.12681, 1.00095, 0.99742, 1.06175, 0.94793, 0.916271, 1.01309, 0.968337, 1.06518, 0.981, 0.998376, 0.981945, 0.870119, 1.02843, 0.951222, 1.03926, 1.14914, 1.01326, 0.81016, 0.84736, 1.09292, 1.2037, 1.11138, 1.05847, 0.846846, 1.12288, 1.15052, 0.839063, 1.00765, 1.04517, 0.964322, 0.866854, 0.79289, 0.764358, 0.762779, 0.83606, 0.893774, 0.886524, 0.979199, 0.877201, 0.985365, 0.948912, 0.858814, 0.951229, 1.04826, 1.00126, 0.877799, 1.1586, 0.999581, 1.31566, 1.43135, 2.02887, 2.02035, 1.87132, 1.2726, 1.30182, 2.63172, 1.48309, 1.49407


Size,16,16
Beta,0.1
Delta,0.1
autocorr,1, 1.03659, 1.06745, 0.95134, 0.983796, 1.04981, 0.977186, 0.931653, 0.943884, 0.749995, 0.896209, 0.865545, 0.862441, 0.888196, 0.90686, 0.92904, 0.785783, 0.940752, 0.915031, 1.02248, 0.955153, 0.999115, 0.995873, 0.888204, 1.01086, 0.898571, 1.01373, 0.977888, 0.925294, 0.886301, 1.02419, 0.809556, 1.01408, 1.04002, 0.788549, 1.02827, 0.908633, 0.908242, 0.886183, 1.05432, 0.913309, 0.947376, 0.893314, 0.801247, 0.897991, 0.850576, 0.973655, 0.971653, 0.93302, 0.911257, 0.940057, 1.08199, 1.01519, 1.18811, 1.09584, 1.23849, 0.950614, 0.997437, 1.07886, 0.965684, 1.12119, 1.08309, 1.03587, 0.957323, 0.96842, 0.772324, 1.09341, 0.910808, 0.863119, 1.13733, 0.87703, 0.807221, 1.14713, 1.11644, 1.14094, 1.33803, 1.20199, 1.31381, 1.38794, 1.09129, 1.47023, 1.6288, 1.53397, 1.38438, 1.41265, 1.11228, 1.13777, 1.40111, 1.51651, 1.3224, 0.721448, 0.641519, 0.890593, 1.20607, 0.790919, 0.417184, 0.272875, 0.440799, 0.283371


Size,16,16
Beta,0.1
Delta,0.5
autocorr,1, 1.03906, 0.905671, 0.996729, 0.98707, 1.04542, 0.958248, 0.981701, 0.970978, 0.937202, 1.07891, 0.99383, 1.03261, 1.01717, 0.984546, 0.829569, 1.06735, 1.01896, 1.12582, 0.968722, 1.04695, 0.978688, 1.13311, 1.03489, 1.05348, 1.03796, 0.987762, 1.13658, 1.04095, 1.02344, 0.94594, 1.03848, 0.965272, 1.03123, 0.969047, 1.11123, 1.01475, 1.05071, 0.957976, 1.12314, 1.10601, 1.07666, 0.998232, 0.917152, 1.10302, 1.03065, 1.14556, 0.953501, 1.02455, 0.845151, 1.02796, 0.828328, 1.02853, 0.880836, 1.03773, 0.881779, 0.912192, 0.814412, 0.989212, 0.940068, 0.895292, 0.920931, 0.663992, 0.907801, 0.844596, 0.886193, 0.709685, 0.823648, 0.657686, 0.937913, 0.862855, 0.840606, 0.993266, 0.852333, 0.716302, 0.845765, 0.614411, 0.770652, 0.887724, 0.809502, 0.830228, 0.9015, 0.847648, 1.02758, 1.07611, 0.705542, 0.862929, 0.59457, 0.556383, 0.69063, 0.773999, 0.772889, 0.830745, 0.716024, 0.716001, 0.929502, 0.488388, 0.552254, 0.743852


Size,16,16
Beta,0.1
Delta,1
autocorr,1, 1.0452, 1.0139, 0.990936, 0.948997, 0.893392, 1.01985, 0.909457, 0.920921, 0.977781, 0.937475, 1.00165, 0.932324, 0.979298, 0.972851, 0.987982, 0.995275, 0.934225, 0.974361, 0.946985, 0.885013, 0.984102, 0.94698, 1.00542, 0.95907, 1.13044, 1.04026, 0.946138, 1.03256, 1.01238, 0.969494, 0.939384, 0.960251, 0.952428, 0.924077, 0.957015, 1.01653, 1.0775, 0.945294, 1.1281, 1.03656, 1.12378, 1.10276, 1.1506, 1.07191, 1.05321, 1.03707, 0.975458, 0.959321, 1.01305, 1.05698, 1.01393, 0.996912, 0.95201, 1.06183, 0.965531, 0.986374, 0.953527, 1.01696, 0.974379, 0.888601, 1.019, 1.01299, 0.979706, 0.933754, 0.998302, 1.03931, 0.971535, 1.14332, 1.16488, 1.14532, 1.16583, 1.07516, 0.931272, 0.920692, 0.947657, 0.916259, 1.03738, 1.02689, 1.0297, 1.26757, 1.26857, 1.13961, 1.16273, 1.4913, 1.39716, 1.42827, 1.71028, 1.60645, 1.20153, 1.37543, 1.39996, 1.39, 1.1094, 1.82065, 1.68139, 1.84229, 0.940499, 0.626999


Size,16,16
Beta,0.1
Delta,5
autocorr,1, 1.12189, 1.10563, 1.00571, 1.01732, 1.1239, 1.11819, 1.04229, 1.1, 1.10115, 1.0996, 0.953075, 1.12311, 1.04626, 1.01505, 1.07046, 1.0634, 1.04794, 1.09215, 1.15997, 1.14638, 1.02489, 1.18441, 1.09428, 1.14602, 1.22169, 1.03665, 1.14228, 1.09545, 1.16837, 1.18635, 1.13295, 1.04403, 1.13719, 1.09339, 1.08296, 1.17788, 1.14754, 1.09211, 1.15008, 0.996861, 1.13623, 1.01994, 1.20576, 1.1687, 1.16267, 1.17879, 0.956071, 1.11948, 1.08597, 1.20874, 0.984379, 1.08637, 1.0449, 1.03692, 0.951067, 1.15501, 0.991188, 0.793226, 1.16003, 0.930198, 0.830873, 1.14221, 0.982423, 0.961878, 0.887306, 1.02304, 0.935914, 0.961777, 1.08204, 1.13604, 0.979428, 1.17685, 1.19845, 0.920559, 0.986679, 1.02537, 0.876944, 0.854654, 0.996657, 1.01633, 1.13037, 1.2025, 1.18332, 0.969593, 0.654479, 0.775514, 0.607075, 0.820669, 0.980802, 1.21637, 1.24637, 1.42116, 1.22784, 1.18622, 0.725022, 0.770927, 0.470137, 0.564165


Size,16,16
Beta,0.1
Delta,10
autocorr,1, 1.04847, 1.20457, 1.16053, 1.00931, 1.12715, 1.02904, 1.17959, 1.13503, 0.997561, 1.14808, 1.13961, 0.996951, 1.06913, 1.19643, 1.06004, 1.07784, 1.22862, 0.949877, 0.932985, 1.03893, 1.07252, 0.845483, 0.915753, 1.02783, 0.956197, 1.16512, 0.945741, 1.12689, 1.1434, 0.941355, 0.98908, 1.33317, 0.998327, 1.03971, 1.13299, 1.02412, 1.09307, 1.09741, 0.930273, 0.980241, 1.08688, 1.18399, 1.18762, 1.17626, 1.07828, 1.22203, 1.12044, 0.939023, 1.03516, 1.29669, 0.991299, 0.926808, 1.27433, 1.25307, 0.87297, 1.20361, 0.943929, 1.25066, 1.17206, 1.10884, 1.18692, 1.46442, 0.875893, 1.28661, 1.33095, 0.981043, 1.20467, 1.33164, 1.1243, 1.3301, 1.56682, 1.32486, 1.40561, 1.34369, 1.48407, 1.55872, 1.33805, 1.24913, 1.44083, 1.76985, 1.40285, 0.967077, 1.51206, 1.28086, 0.982998, 1.17863, 1.6681, 1.41699, 1.79783, 0.783257, 1.07014, 1.1077, 0.669562, 0.348098, 1.39669, 1.34542, 2.23041, 3.01789


Size,16,16
Beta,0.5
Delta,0.1
autocorr,1, 1.11293, 1.11501, 1.0712, 1.07994, 1.08506, 0.982164, 1.06343, 1.12558, 1.03524, 1.18578, 1.01843, 1.03387, 1.05236, 1.0219, 1.00099, 1.06001, 1.07592, 1.02149, 1.12371, 1.03331, 1.07031, 1.12131, 1.19311, 1.08039, 1.03871, 1.09685, 1.15601, 1.05342, 1.03293, 1.11369, 1.07588, 1.07547, 1.08711, 1.10801, 0.98527, 1.05195, 0.994246, 1.08979, 1.02344, 0.857941, 1.10528, 1.11871, 0.93177, 1.04431, 1.00284, 1.0412, 1.07271, 1.0715, 1.12462, 1.18602, 1.24424, 1.06899, 1.25594, 1.09942, 1.16669, 1.30525, 1.08034, 1.12794, 1.30835, 1.06345, 1.3881, 1.35378, 1.06429, 1.14051, 1.16578, 1.1816, 1.08884, 0.992247, 1.04308, 1.18653, 1.03697, 1.46048, 1.29137, 1.41422, 1.14079, 1.35108, 1.23459, 1.03944, 1.05268, 1.30795, 1.13664, 1.16949, 1.37307, 1.37939, 1.5562, 1.42721, 0.986492, 1.33161, 1.36989, 1.49053, 1.09033, 1.42574, 1.69937, 2.16727, 0.629028, 2.41672, 1.15922, 3.8596


Size,16,16
Beta,0.5
Delta,0.5
autocorr,1, 0.992241, 1.0526, 1.14664, 1.11926, 1.06531, 1.1267, 1.0874, 1.03559, 1.1313, 1.08657, 1.11923, 0.971528, 1.02092, 1.00042, 1.10421, 0.997689, 1.00624, 1.01074, 0.872491, 1.12804, 0.993171, 0.934457, 0.95934, 1.03362, 0.82729, 1.03174, 0.990652, 0.918507, 0.99199, 1.02489, 0.984232, 0.994599, 0.926804, 1.09413, 0.904594, 0.949763, 1.02894, 1.20709, 1.15076, 0.947905, 0.96981, 1.21616, 1.01001, 0.958923, 1.15921, 1.04719, 0.912417, 1.27623, 1.1545, 1.25964, 0.9327, 0.93414, 1.13012, 1.13515, 1.21788, 1.10182, 1.05361, 1.09364, 1.22003, 1.28634, 1.1624, 1.01805, 1.10448, 1.25466, 1.08914, 1.25409, 1.19132, 0.977074, 1.46964, 1.1333, 1.20086, 1.11392, 1.59361, 1.10521, 1.13545, 1.20397, 1.37942, 1.18927, 1.11739, 1.41656, 1.48549, 1.01183, 1.27903, 0.896856, 1.42174, 1.44127, 1.05814, 1.47654, 1.46742, 1.37698, 1.16441, 0.521478, 1.68217, 1.58812, 0.834629, 1.65011, -0.00356061, 6.03523


Size,16,16
Beta,0.5
Delta,1
autocorr,1, 0.787281, 0.739621, 0.837895, 0.940022, 0.89838, 0.856946, 0.920902, 0.972228, 0.914617, 0.86318, 0.947425, 0.973555, 1.03, 0.893374, 0.763744, 0.839519, 0.984526, 1.17534, 0.985114, 0.875966, 0.746401, 0.936984, 1.00322, 0.978913, 0.963885, 0.926774, 0.967157, 0.986197, 0.9406, 0.868478, 0.884422, 0.916365, 0.923874, 0.934635, 0.964381, 0.968584, 1.08234, 0.909446, 0.847192, 0.790833, 0.9919, 1.01315, 1.10466, 0.9584, 0.803533, 0.864954, 0.924483, 0.854253, 0.923759, 0.890495, 0.895119, 0.89718, 0.859948, 0.969267, 0.900794, 0.898959, 0.756486, 0.811989, 0.725989, 0.780611, 0.847739, 1.05392, 1.08278, 0.926277, 0.777981, 0.907088, 0.847088, 0.737329, 0.711549, 0.798119, 0.818567, 0.745169, 0.732131, 0.857532, 0.830434, 0.827326, 0.996282, 0.870324, 0.892441, 0.667346, 0.722689, 0.92373, 0.683621, 0.721465, 0.989377, 0.654537, 0.65481, 0.926643, 0.73007, 0.89461, 1.11328, 0.887107, 0.905149, 0.819383, 0.489052, 0.774757, 1.17846, 1.10304


Size,16,16
Beta,0.5
Delta,5
autocorr,1, 1.11228, 0.993096, 1.08908, 1.10891, 1.03319, 0.987754, 1.02173, 1.11911, 1.04551, 1.06409, 1.07088, 1.03601, 1.16221, 0.942303, 1.1584, 0.9842, 1.23953, 1.08112, 1.11159, 0.986232, 1.11773, 1.23449, 1.1412, 1.01775, 0.973131, 1.09284, 1.17914, 1.05442, 1.04356, 0.97016, 1.08653, 1.04837, 1.10763, 0.970501, 1.11968, 1.02509, 1.03458, 1.04157, 0.993362, 1.12666, 1.01888, 1.04766, 0.912914, 1.01177, 1.14321, 1.12099, 0.951943, 0.958906, 1.13889, 1.04236, 1.2065, 0.851582, 0.991502, 1.01735, 0.963118, 1.0971, 0.941937, 1.23059, 1.02411, 1.15291, 1.03343, 1.09328, 1.06654, 0.974537, 1.10346, 0.916949, 1.09182, 1.06143, 1.17452, 0.905456, 0.926134, 0.980546, 0.793567, 0.978496, 0.587207, 0.813929, 0.749116, 0.789278, 0.803694, 0.730588, 0.84189, 0.709433, 0.894594, 0.758904, 1.03718, 0.902819, 0.863493, 0.995947, 0.760238, 1.05873, 0.801658, 0.925973, 0.580084, 0.576589, 0.758208, 0.429863, 0.779127, 0.338969


Size,16,16
Beta,0.5
Delta,10
autocorr,1, 0.973848, 0.960448, 0.905879, 0.902076, 0.886301, 0.852063, 0.847098, 0.837166, 0.822551, 0.849823, 0.753922, 0.785639, 0.765743, 0.686964, 0.651756, 0.662408, 0.692874, 0.738655, 0.741738, 0.780051, 0.764508, 0.761336, 0.847167, 0.923717, 0.874429, 0.900859, 0.930587, 0.911839, 0.885018, 0.953325, 0.977418, 0.909813, 0.977748, 0.953825, 0.939429, 0.895277, 0.989138, 0.915808, 0.864633, 0.843222, 0.834182, 0.853434, 0.843772, 0.839312, 0.866916, 0.79772, 0.800437, 0.821709, 0.781432, 0.810154, 0.753722, 0.765553, 0.677471, 0.637662, 0.710553, 0.643252, 0.61739, 0.772349, 0.725593, 0.6717, 0.73038, 0.721691, 0.764818, 0.676729, 0.611924, 0.690589, 0.63465, 0.700716, 0.848258, 0.799501, 0.849567, 0.948268, 0.839157, 0.886215, 0.800053, 0.74068, 0.771041, 0.736058, 0.700521, 0.75544, 0.721487, 0.653313, 0.780006, 0.59875, 0.568922, 0.621661, 0.411117, 0.334346, 0.378111, 0.358435, 0.299479, 0.361747, 0.201735, 0.369379, 0.238798, 0.147034, 0.393851, 0.0623328


Size,16,16
Beta,1
Delta,0.1
autocorr,1, 0.959663, 0.946976, 0.942678, 0.929164, 0.932817, 1.0282, 0.969698, 0.987575, 0.969697, 0.879264, 0.962065, 0.952777, 0.919568, 0.926532, 1.02305, 1.04853, 0.942514, 0.982334, 0.988068, 0.910893, 0.973815, 0.973075, 0.924013, 0.98308, 0.973985, 0.954353, 0.919081, 0.945629, 0.919638, 0.91011, 0.940723, 0.995167, 0.940347, 0.839945, 0.905198, 0.894621, 0.962617, 1.00677, 1.05722, 0.975106, 0.974658, 1.00462, 0.878896, 1.01256, 1.00268, 0.980475, 1.00484, 0.988727, 0.995069, 0.976902, 1.06558, 0.97154, 0.910707, 1.03292, 1.02044, 0.990331, 0.944506, 1.0833, 0.961631, 0.950184, 1.0064, 1.00227, 0.999386, 1.06651, 0.919952, 1.10786, 1.16887, 1.13167, 1.20729, 1.24912, 1.35007, 1.1469, 1.11934, 1.11363, 0.999978, 1.08244, 1.06478, 1.28394, 1.07307, 1.15881, 1.11284, 0.961035, 0.985761, 0.97162, 0.959026, 1.05313, 1.14417, 1.35406, 1.21934, 1.06811, 1.14234, 0.712784, 0.760511, 1.30021, 1.86257, 2.15167, 2.20945, 2.94594


Size,16,16
Beta,1
Delta,0.5
autocorr,1, 1.02656, 0.984981, 1.04914, 1.0316, 0.968594, 1.02899, 1.04532, 1.06342, 1.03933, 1.09346, 1.06453, 1.03533, 1.07913, 1.06424, 1.12465, 1.11799, 1.03997, 1.10052, 1.00193, 1.14399, 1.04016, 1.09876, 1.09231, 1.11239, 1.04085, 1.02547, 1.05436, 1.04632, 1.10817, 1.09716, 1.07722, 1.12139, 1.07855, 1.10544, 1.00005, 1.0085, 1.11726, 1.0261, 1.13628, 1.05026, 1.16229, 0.990988, 0.986193, 1.02818, 1.01232, 1.00135, 0.999804, 1.04688, 1.01064, 1.02053, 1.0627, 1.02543, 1.08995, 0.993012, 1.10844, 1.04036, 0.92968, 1.02577, 0.818218, 1.06829, 0.908701, 1.10073, 0.982899, 1.05182, 0.961611, 0.962177, 0.848275, 0.871963, 0.906077, 0.796541, 0.98916, 1.01415, 0.828322, 0.891763, 0.899781, 0.941543, 0.9432, 0.842832, 1.03235, 0.952761, 0.940785, 0.846566, 0.898881, 0.669203, 0.780254, 0.870581, 0.879863, 0.81615, 0.667895, 0.954205, 0.875358, 0.694629, 1.05106, 0.999983, 1.45184, 1.32997, 1.50058, 1.77042


Size,16,16
Beta,1
Delta,1
autocorr,1, 1.0241, 1.05029, 1.06856, 1.01978, 1.04116, 1.08316, 0.960013, 1.00369, 0.999721, 1.0052, 0.967145, 0.996022, 1.01901, 0.951416, 0.966013, 1.0428, 1.02661, 0.942103, 1.00069, 1.0644, 0.95546, 0.993142, 1.0278, 1.06286, 0.898414, 1.08153, 1.09826, 1.00855, 1.05083, 1.0779, 1.00551, 1.01242, 1.12271, 0.992967, 0.956816, 1.08302, 1.01579, 0.958375, 0.961132, 1.01372, 0.988264, 0.968219, 0.958317, 1.04662, 1.02361, 0.919065, 1.10955, 1.02778, 1.03004, 1.11652, 1.08686, 1.00237, 1.07301, 1.1967, 1.04091, 1.01796, 1.10884, 1.05869, 1.04419, 1.10081, 1.19873, 0.918398, 1.04482, 1.00784, 1.09125, 0.97319, 1.05459, 1.09518, 0.929417, 0.984731, 0.972782, 1.07038, 1.00306, 1.10598, 1.13702, 1.05217, 1.03212, 1.2537, 1.20558, 1.08883, 1.29302, 1.2895, 1.17922, 1.20908, 1.41819, 1.16841, 1.25504, 1.29276, 1.20067, 1.28467, 0.992209, 1.30831, 1.14965, 1.06976, 1.1312, 0.985819, 0.789975, 0.415141


Size,16,16
Beta,1
Delta,5
autocorr,1, 0.883733, 0.903088, 0.948009, 1.00597, 0.989548, 0.938094, 0.901702, 0.862571, 0.895709, 0.85313, 0.831577, 0.852303, 0.926695, 0.865043, 0.82587, 0.838588, 0.790025, 0.833511, 0.825769, 0.794628, 0.865078, 0.779536, 0.758089, 0.747467, 0.715577, 0.821881, 0.838267, 0.879263, 0.790606, 0.820394, 0.883747, 0.954196, 0.909798, 0.95273, 0.996352, 0.88977, 0.898417, 0.949636, 0.964685, 0.941359, 0.941425, 0.899749, 0.909259, 0.866875, 0.904993, 0.912783, 0.964291, 0.967723, 0.849714, 0.818775, 0.832581, 0.952654, 0.954587, 0.852299, 0.770832, 0.777887, 0.829129, 0.835746, 0.747022, 0.770589, 0.860395, 0.841968, 0.866514, 0.949437, 0.837356, 1.02546, 1.07227, 1.10659, 0.970147, 1.06621, 1.14499, 1.15771, 1.17673, 1.19394, 1.1484, 1.31578, 1.26238, 1.22944, 1.12349, 1.37288, 1.35661, 1.17889, 1.30462, 1.29413, 1.22418, 1.32004, 1.42841, 1.37822, 1.03614, 1.0675, 1.05794, 1.12899, 1.17353, 1.02216, 0.974701, 0.84037, 0.829665, 0.343095


Size,16,16
Beta,1
Delta,10
autocorr,1, 0.865258, 0.819154, 0.81823, 0.809961, 0.815626, 0.783101, 0.730245, 0.666521, 0.698894, 0.811873, 0.82556, 0.839683, 0.90294, 0.848396, 0.846717, 0.812445, 0.851568, 0.845301, 0.759696, 0.740552, 0.71764, 0.687093, 0.723131, 0.804974, 0.779434, 0.836159, 0.807977, 0.743235, 0.79275, 0.818875, 0.938673, 0.907635, 0.780335, 0.700663, 0.666756, 0.636942, 0.708848, 0.764962, 0.729571, 0.728648, 0.691922, 0.73848, 0.845193, 0.871434, 0.959716, 0.853181, 0.743905, 0.75228, 0.858621, 0.873964, 0.841262, 0.738731, 0.7508, 0.721139, 0.755218, 0.946425, 1.00948, 0.91536, 0.99218, 0.947052, 0.92446, 0.938165, 1.04803, 1.13103, 1.07299, 0.930669, 0.968807, 0.997406, 0.952399, 1.02667, 1.06724, 1.06182, 1.01084, 0.988615, 1.12696, 1.11905, 1.06251, 1.03341, 0.921402, 0.915255, 1.01558, 1.02025, 1.09979, 1.16963, 1.03511, 1.10352, 1.179, 1.28343, 1.60369, 1.66729, 1.62909, 1.51616, 0.99754, 0.981738, 1.42412, 1.92341, 2.41044, 2.05265


Size,16,16
Beta,5
Delta,0.1
autocorr,1, 0.999981, 0.999962, 0.999941, 1.00008, 1.00007, 1.00005, 1.00003, 1.00001, 0.999986, 0.999963, 0.999943, 1.00001, 0.999989, 0.999964, 0.999944, 0.99992, 0.999893, 0.999869, 0.999846, 0.999817, 0.999894, 0.999864, 0.999839, 1.00002, 0.999995, 0.999968, 0.999944, 0.999913, 0.999885, 0.999857, 0.999826, 0.999795, 0.999766, 0.99973, 0.999698, 0.999661, 0.999882, 0.999973, 0.999942, 1.00004, 1.00001, 0.999975, 0.999941, 0.999905, 0.999868, 0.999978, 1.00009, 1.00006, 1.00002, 0.999981, 0.999941, 1.00007, 1.0002, 1.00016, 1.00012, 1.00008, 1.00004, 0.999988, 1.00014, 1.00009, 1.00025, 1.00063, 1.00059, 1.00056, 1.00052, 1.00047, 1.00043, 1.00038, 1.00033, 1.00028, 1.00022, 1.00016, 1.00009, 1.00002, 1.00059, 1.00054, 1.00047, 1.00078, 1.00072, 1.00066, 1.00059, 1.00052, 1.00043, 1.00033, 1.00022, 1.00009, 1.00059, 1.00047, 1.00033, 1.00016, 0.999941, 0.999661, 0.999289, 0.998767, 1.0019, 1.0019, 1.0019, 1.0019


Size,16,16
Beta,5
Delta,0.5
autocorr,1, 1.00046, 1.00052, 1.00067, 1.0005, 1.00168, 1.00162, 1.00193, 1.0022, 1.00195, 1.0018, 1.0012, 1.00118, 1.00172, 1.00261, 1.0025, 1.00276, 1.00209, 1.00189, 1.00117, 1.00092, 1.00039, 1.00082, 1.0008, 1.00097, 1.00092, 1.00196, 1.00114, 1.00114, 1.00224, 1.00216, 1.00227, 1.00321, 1.00275, 1.00224, 1.00142, 1.00104, 1.00092, 1.00119, 1.00075, 1.00192, 1.00108, 1.00054, 0.999678, 1.00044, 1.00116, 1.00035, 0.999359, 0.998803, 1.00005, 1.00161, 1.00107, 1.0003, 0.999511, 1.00015, 1.00094, 0.999825, 0.999014, 0.997712, 0.999586, 0.998845, 0.999076, 0.999182, 0.998261, 0.99676, 0.994992, 0.994055, 0.996209, 0.996384, 0.99579, 0.998006, 0.998062, 0.995499, 0.998181, 0.998375, 0.998873, 0.998887, 1.00002, 0.998053, 0.9962, 0.993604, 0.992401, 0.98861, 0.988716, 0.987512, 0.991598, 0.99412, 0.99346, 0.988101, 0.986092, 0.98168, 0.982305, 0.983781, 0.979172, 0.994938, 0.9914, 0.991449, 0.990866, 1.03214


Size,16,16
Beta,5
Delta,1
autocorr,1, 1.01098, 1.01402, 1.02973, 1.01419, 1.0081, 1.01421, 1.01818, 1.01385, 1.02669, 1.007, 1.00654, 1.0148, 0.999054, 1.0163, 0.986822, 0.992277, 0.964345, 1.0012, 0.976486, 0.982526, 0.971998, 0.97859, 1.00944, 0.990864, 0.983595, 0.961383, 0.98537, 0.984719, 0.971223, 0.982509, 0.985697, 0.97232, 1.00838, 0.96093, 0.976282, 0.969017, 0.984484, 1.01001, 0.99476, 0.972603, 0.985346, 1.01057, 0.999205, 0.985713, 0.97925, 0.995308, 0.982491, 1.01161, 1.01009, 0.983112, 0.993, 1.0493, 1.0296, 1.00453, 1.02728, 1.03151, 1.04442, 1.01428, 1.01644, 1.00701, 1.02056, 1.04045, 1.04416, 1.0593, 1.06354, 1.05028, 1.07207, 1.05423, 1.06922, 1.05146, 1.04761, 1.11312, 1.0534, 1.05174, 1.05113, 1.08069, 1.09314, 1.0504, 1.06704, 1.07819, 1.09062, 1.05381, 1.00661, 1.04667, 0.976798, 0.970092, 0.934328, 0.959929, 0.908167, 0.733176, 0.842715, 0.857366, 0.597995, 0.653758, 0.716825, 0.884555, 0.508082, 0.320391


Size,16,16
Beta,5
Delta,5
autocorr,1, 0.976875, 0.952302, 0.903696, 0.871508, 0.816266, 0.763465, 0.736965, 0.721534, 0.688574, 0.698897, 0.665569, 0.64012, 0.699455, 0.705527, 0.729015, 0.773893, 0.778548, 0.794896, 0.841977, 0.84844, 0.858415, 0.90653, 0.910983, 0.946403, 0.988316, 0.952059, 0.957142, 0.917822, 0.929939, 0.894791, 0.907835, 0.907109, 0.896167, 0.85656, 0.831421, 0.84561, 0.796256, 0.804596, 0.788217, 0.763041, 0.771426, 0.788453, 0.750019, 0.763546, 0.712246, 0.791038, 0.807336, 0.810674, 0.859639, 0.907246, 0.891148, 0.871976, 0.904301, 0.819873, 0.877286, 0.838753, 0.82725, 0.890212, 0.835145, 0.808108, 0.701479, 0.661452, 0.63494, 0.613455, 0.569211, 0.503941, 0.541027, 0.520928, 0.539192, 0.643969, 0.564389, 0.646046, 0.668905, 0.693043, 0.760155, 0.886063, 0.713147, 0.768147, 0.792895, 0.706458, 0.760526, 0.638974, 0.782958, 0.766917, 0.793706, 0.837191, 0.900314, 0.79566, 0.831008, 1.0826, 0.81075, 0.851898, 0.860549, 0.839978, 0.732798, 0.486474, 0.501676, 0.684104


Size,16,16
Beta,5
Delta,10
autocorr,1, 0.987785, 0.960511, 0.921745, 0.858832, 0.86808, 0.840538, 0.844032, 0.819028, 0.832088, 0.79254, 0.822126, 0.768357, 0.724071, 0.714558, 0.678956, 0.658446, 0.658004, 0.654459, 0.653442, 0.613823, 0.632932, 0.583186, 0.5753, 0.571938, 0.535231, 0.528335, 0.526264, 0.499104, 0.51448, 0.514892, 0.544369, 0.550455, 0.542273, 0.544148, 0.547924, 0.59636, 0.601805, 0.638214, 0.649314, 0.630933, 0.634046, 0.663831, 0.707021, 0.745497, 0.745966, 0.836803, 0.852725, 0.899119, 0.930007, 0.993628, 0.989146, 0.942807, 0.943549, 1.00533, 0.962818, 1.03808, 1.07562, 1.08947, 1.0346, 1.05976, 0.967371, 0.936777, 0.891337, 0.845218, 0.833638, 0.847034, 0.801929, 0.874888, 0.926866, 0.952445, 0.933581, 0.978599, 0.958386, 0.890122, 0.839579, 0.803382, 0.763578, 0.750699, 0.712137, 0.696586, 0.694739, 0.669563, 0.667679, 0.521731, 0.510538, 0.396257, 0.40173, 0.317959, 0.329412, 0.288702, 0.309065, 0.15461, 0.251584, 0.113224, 0.2548, 0.124846, 0.228128, 0.0612881


Size,16,16
Beta,10
Delta,0.1
autocorr,1, 0.999986, 0.999968, 0.999951, 0.999934, 0.999916, 0.999899, 0.999965, 0.999948, 0.999929, 0.99991, 0.999981, 0.999963, 0.999943, 0.999925, 0.999905, 0.999885, 0.999864, 0.999842, 0.999823, 0.999798, 0.999776, 0.999753, 0.99983, 0.99981, 0.999783, 0.999761, 0.999733, 0.99971, 0.99968, 0.999653, 0.999626, 0.999596, 0.999565, 0.999655, 0.999626, 0.999842, 0.999814, 0.999913, 0.999888, 0.999989, 0.999963, 0.999933, 1.00018, 1.00016, 1.00013, 1.0001, 1.00008, 1.00005, 1.00002, 0.999984, 0.999955, 0.999916, 0.999883, 0.999842, 0.999802, 1.00013, 1.00009, 1.00005, 1.00021, 1.00018, 1.00035, 1.00031, 1.00071, 1.00069, 1.00089, 1.00087, 1.00085, 1.00083, 1.0008, 1.00077, 1.00074, 1.00071, 1.00068, 1.00064, 1.0006, 1.0009, 1.00087, 1.00084, 1.0008, 1.00076, 1.00071, 1.00066, 1.0006, 1.00054, 1.00046, 1.00038, 1.00028, 1.00087, 1.0008, 1.00071, 1.0006, 1.00158, 1.00158, 1.00158, 1.00158, 1.00158, 1.00158, 1.00158


Size,16,16
Beta,10
Delta,0.5
autocorr,1, 0.999854, 1.00015, 1.00015, 0.999878, 0.999662, 1.00096, 1.00094, 1.00055, 1.001, 1.00122, 1.00102, 1.00055, 1.00016, 1.00024, 1.00077, 1.00028, 0.999783, 1.0001, 1.00034, 1.00032, 1.00008, 1.00087, 1.00089, 1.00034, 1.00061, 1.00073, 1.00073, 1.00066, 0.999999, 0.999892, 0.999558, 0.999639, 0.999473, 0.999357, 0.999984, 0.999534, 0.998959, 0.998348, 0.998204, 0.998626, 0.998463, 0.999047, 1.00029, 0.999721, 0.99929, 1.00069, 1.00061, 1.00042, 1.00067, 1.00048, 1.0001, 1.00031, 1.00187, 1.0013, 1.00063, 1.0023, 1.00319, 1.0031, 1.00387, 1.0037, 1.00296, 1.0023, 1.00125, 1.00219, 1.00268, 1.00238, 1.00225, 1.00173, 1.00147, 1.00011, 0.999813, 0.999661, 1.00001, 1.00094, 0.999214, 0.998683, 1.00171, 1.00129, 1.00101, 1.00165, 1.00308, 1.00196, 0.999346, 1.00088, 1.00223, 1.00061, 0.996608, 0.993839, 0.995523, 0.999302, 0.994614, 0.99429, 1.01215, 1.01083, 1.00867, 1.01331, 1.02272, 1.0432


Size,16,16
Beta,10
Delta,1
autocorr,1, 0.987222, 0.943961, 0.957106, 1.01272, 1.10742, 1.05718, 1.01718, 0.951965, 0.958449, 1.00267, 0.98469, 1.00063, 1.00032, 0.947798, 0.895758, 0.914802, 0.935041, 0.971019, 0.977458, 0.9745, 0.940579, 0.865603, 0.937649, 0.920522, 1.01295, 0.984216, 1.01461, 0.920698, 1.00064, 1.00244, 1.00381, 1.04744, 0.99828, 0.990502, 0.99483, 1.02631, 0.995911, 1.04975, 1.00347, 1.07391, 0.984774, 1.0182, 0.893267, 1.02739, 1.01583, 1.01947, 0.941448, 0.929624, 0.908905, 0.988186, 1.02029, 1.02597, 0.931627, 0.864971, 0.953623, 1.0084, 1.02854, 0.982291, 0.975909, 0.962721, 0.947078, 1.15173, 1.05507, 1.08066, 1.05994, 1.024, 1.07788, 1.18208, 1.05414, 1.17875, 1.10189, 1.06042, 1.11513, 1.07845, 1.16193, 1.24776, 1.18285, 1.18245, 1.07046, 0.845058, 1.15153, 1.17755, 1.05498, 1.18086, 0.858984, 0.895825, 1.02004, 0.879867, 1.04696, 0.973261, 0.812393, 0.969749, 1.18442, 0.813754, 1.23739, 1.01037, 0.564245, 1.27914


Size,16,16
Beta,10
Delta,5
autocorr,1, 0.90657, 0.863887, 0.836546, 0.831681, 0.853014, 0.840016, 0.829483, 0.875437, 0.859022, 0.8162, 0.81738, 0.788047, 0.808564, 0.814646, 0.793474, 0.853581, 0.820713, 0.89063, 0.895986, 0.921948, 0.889469, 0.927421, 0.961341, 0.901498, 1.01382, 1.04282, 0.997157, 0.975964, 0.919592, 0.890918, 0.903913, 0.920596, 0.865418, 0.8135, 0.822468, 0.720424, 0.740348, 0.751565, 0.775728, 0.78217, 0.73323, 0.753188, 0.708047, 0.715306, 0.686296, 0.739248, 0.715098, 0.683989, 0.785335, 0.81635, 0.781285, 0.848344, 0.797286, 0.803944, 0.763099, 0.680396, 0.622086, 0.664063, 0.75586, 0.665885, 0.616059, 0.547187, 0.557392, 0.449466, 0.477352, 0.516569, 0.509261, 0.445675, 0.420889, 0.353299, 0.459325, 0.460508, 0.536285, 0.443551, 0.358409, 0.424599, 0.442314, 0.555749, 0.4695, 0.599603, 0.586206, 0.666474, 0.514438, 0.364143, 0.37982, 0.59541, 0.521657, 0.552391, 0.48375, 0.410453, 0.449395, 0.381474, 0.311304, 0.162275, 0.612941, 0.257243, 0.50563, 0.175599


Size,16,16
Beta,10
Delta,10
autocorr,1, 0.812938, 0.82016, 1.0239, 1.05367, 0.840659, 0.885659, 0.963782, 1.06027, 1.01449, 0.797921, 0.855345, 0.863412, 0.963986, 0.940485, 0.882856, 0.990523, 0.900176, 0.810833, 0.79638, 0.91672, 0.947658, 0.805898, 0.8831, 0.91755, 0.940592, 0.922652, 0.852106, 0.87948, 0.825467, 0.970894, 0.912329, 0.866568, 0.828397, 0.975629, 1.06688, 0.921604, 0.857107, 0.923595, 0.967006, 0.939152, 0.85537, 0.954934, 1.0278, 1.04984, 0.940358, 0.819992, 0.878219, 0.981153, 0.923006, 0.826265, 0.841784, 1.13954, 0.931512, 0.76918, 0.689334, 0.881028, 0.930408, 0.814237, 0.821579, 0.935526, 0.993258, 0.88086, 0.698153, 0.751715, 0.846153, 0.940072, 0.934687, 0.75693, 0.914466, 0.980329, 0.848497, 0.650919, 0.702125, 0.833256, 0.829135, 0.823423, 0.798362, 0.65709, 0.721213, 0.634619, 0.688608, 0.538385, 0.684973, 0.687106, 0.808584, 0.668941, 0.738712, 0.696591, 0.565957, 0.618434, 0.723827, 0.645331, 0.500752, 0.642331, 0.606576, 0.307416, 0.337737, 0.58361


Size,32,32
Beta,0.1
Delta,0.1
autocorr,1, 0.945714, 0.798747, 0.927767, 0.977498, 0.97718, 0.95063, 0.920545, 0.930672, 0.912358, 0.952554, 0.901589, 0.928035, 0.932374, 0.991862, 0.900234, 0.866873, 0.883422, 0.954824, 0.975721, 0.948713, 0.854085, 0.872171, 0.852527, 0.941948, 0.951627, 0.930497, 0.900848, 0.909234, 0.915896, 0.913239, 0.921162, 0.949117, 0.945708, 0.955517, 0.947762, 0.964874, 0.97237, 0.924543, 0.900505, 1.02317, 0.999606, 0.97031, 0.994275, 0.992928, 1.01009, 0.893998, 0.902077, 0.849464, 0.928729, 0.910255, 1.0337, 0.986134, 0.925392, 0.810533, 0.886287, 0.861789, 0.91603, 0.938879, 0.860672, 0.930825, 0.822324, 1.01909, 0.944215, 0.980094, 0.908892, 1.1113, 0.99682, 1.14484, 0.95057, 1.07517, 0.93869, 0.953197, 1.02849, 0.913244, 1.00972, 0.845757, 1.02616, 1.04044, 1.04246, 0.984247, 0.966495, 0.957995, 0.814384, 0.796479, 0.930614, 1.10311, 1.07794, 0.912291, 0.763072, 0.493382, 0.452693, 0.54222, 0.83275, 1.17372, 1.23702, 1.40081, 1.40684, 1.25826


Size,32,32
Beta,0.1
Delta,0.5
autocorr,1, 1.00336, 1.10817, 0.974929, 0.926074, 1.02427, 0.968181, 1.06536, 0.897911, 1.06533, 1.10335, 0.914721, 1.0264, 1.02008, 1.03325, 1.09363, 0.988321, 0.8987, 1.10392, 0.891716, 1.00532, 1.01344, 0.981764, 0.917967, 1.11343, 0.997184, 1.09116, 0.892596, 0.966853, 1.01168, 0.908338, 0.973543, 1.08814, 0.940986, 1.11273, 1.11195, 1.0057, 1.06214, 0.945316, 1.052, 1.06965, 1.05968, 1.02764, 1.00809, 1.00834, 1.19514, 0.876218, 1.04441, 0.926879, 0.993691, 0.976394, 1.12064, 1.01686, 0.951234, 0.907716, 0.953752, 0.830029, 0.855532, 0.803197, 0.829765, 0.988267, 0.913767, 0.851119, 0.866465, 0.994737, 0.820764, 1.12838, 1.08596, 0.875587, 0.894311, 0.977309, 0.775326, 0.975698, 0.904742, 0.991237, 0.933527, 1.10148, 1.07646, 0.775082, 0.862299, 1.06002, 0.773659, 0.962348, 0.901768, 0.671997, 0.92669, 0.87862, 1.11769, 1.24452, 0.926115, 1.20643, 0.982182, 0.850941, 1.12889, 0.199556, 0.278158, 0.619126, 0.0172555, 0


Size,32,32
Beta,0.1
Delta,1
autocorr,1, 0.956157, 1.04207, 1.07077, 1.07325, 1.03114, 1.01475, 1.04243, 0.988642, 1.0632, 1.04005, 1.08809, 1.08072, 1.05208, 0.961533, 1.1312, 1.07083, 1.00551, 0.97908, 1.10192, 1.12056, 1.01497, 1.03104, 1.04628, 1.04284, 0.989829, 0.965668, 0.924696, 1.04358, 0.933529, 0.922372, 0.974147, 1.07106, 1.01326, 0.960545, 0.827619, 1.0254, 1.03111, 0.894139, 0.868002, 1.04556, 0.961719, 1.08663, 0.957996, 0.989314, 0.993474, 0.993325, 0.990352, 1.08468, 1.02601, 0.919435, 0.856035, 1.05899, 1.13789, 1.12896, 0.98061, 0.878729, 1.0287, 0.948353, 0.858068, 0.972915, 0.853764, 0.816097, 0.809938, 0.894744, 1.03482, 0.812124, 0.883602, 0.886124, 0.914359, 0.806841, 0.845186, 0.788245, 0.770689, 0.76019, 0.777576, 0.613136, 0.583048, 0.51676, 0.596904, 0.620444, 0.393699, 0.490779, 0.447363, 0.249879, 0.416768, 0.415512, 0.540511, 0.388667, 0.45782, 0.589445, 0.379947, 0.292213, 0.320189, 0.406692, 0.125291, 0.113756, 0.134976, 0.246822


Size,32,32
Beta,0.1
Delta,5
autocorr,1, 1.06762, 1.05023, 1.14198, 1.04085, 1.10987, 1.0648, 1.03143, 0.972166, 1.06898, 0.959179, 1.02334, 1.06374, 1.05846, 0.942552, 1.15014, 0.914906, 1.06002, 1.063, 1.0957, 0.951414, 0.942668, 0.959579, 1.06505, 0.869282, 1.03039, 0.944587, 0.87973, 0.919107, 0.936445, 0.95978, 0.98399, 0.820161, 1.02119, 0.885036, 0.991275, 0.938391, 1.10927, 0.850892, 1.07973, 0.825494, 1.04483, 1.00468, 1.0075, 0.949179, 0.888512, 0.996195, 1.02015, 0.96911, 1.1484, 1.02998, 1.13979, 1.06753, 1.05226, 1.04575, 1.2776, 1.07116, 1.18845, 1.03936, 1.08314, 1.09113, 1.19771, 1.11396, 1.20468, 0.990649, 1.22876, 1.12988, 1.29926, 1.27029, 1.32583, 1.27901, 1.37733, 1.24558, 1.56384, 1.27757, 1.56437, 1.00327, 1.36195, 1.16711, 1.3682, 1.02658, 1.17959, 0.996909, 1.02933, 1.03316, 0.917866, 1.08354, 1.07068, 1.04566, 1.0526, 0.941727, 0.98805, 0.972581, 1.09072, 0.596692, 0.835606, 0.270339, 0.625578, 1.29916


Size,32,32
Beta,0.1
Delta,10
autocorr,1, 0.945419, 0.959246, 0.944504, 0.933331, 0.924557, 0.926499, 1.02359, 1.01399, 1.03879, 0.931836, 1.01251, 1.01657, 1.02756, 0.931093, 0.97928, 0.913022, 0.979546, 0.933374, 0.911786, 0.975932, 1.03102, 0.949255, 0.901602, 0.932543, 1.02251, 0.957953, 0.994263, 0.900076, 0.994011, 0.919544, 0.876407, 0.821678, 0.887836, 0.977827, 0.938539, 0.883539, 0.935426, 0.85986, 0.922664, 0.835472, 0.883373, 0.886881, 0.911156, 0.895389, 0.930239, 0.955046, 0.925464, 0.898743, 0.965301, 0.869788, 0.863201, 0.890228, 0.915461, 0.864045, 0.977476, 0.934951, 0.966954, 0.830418, 0.859842, 0.862324, 0.800775, 0.759589, 0.824062, 0.783383, 0.861528, 0.733874, 0.793292, 0.843008, 0.762485, 0.738358, 0.736338, 0.590009, 0.679408, 0.659535, 0.640587, 0.666978, 0.527443, 0.547807, 0.593111, 0.478565, 0.54362, 0.511339, 0.384111, 0.42821, 0.247756, 0.309605, 0.371778, 0.231894, 0.277696, 0.212162, 0.202215, 0.238669, 0.199777, 0.190103, 0.165103, 0.107914, 0.0226399, 0.0159631


Size,32,32
Beta,0.5
Delta,0.1
autocorr,1, 1.00128, 1.031, 1.01154, 1.12626, 0.927707, 1.06011, 0.987974, 1.01216, 1.1321, 1.00235, 1.1418, 1.05063, 1.03208, 1.0652, 0.991006, 1.04157, 1.02521, 1.00154, 0.928539, 1.10934, 1.1342, 1.16313, 0.965984, 1.12301, 1.17866, 1.17737, 1.09799, 0.954382, 1.1052, 1.11433, 1.07893, 1.07942, 1.16796, 1.1588, 1.04352, 1.06135, 1.03181, 0.996338, 1.03065, 0.916085, 1.01014, 0.976701, 1.03339, 1.04644, 1.01596, 0.93854, 1.20225, 1.09026, 0.955777, 0.952188, 0.946384, 1.23846, 0.998939, 1.16262, 1.03646, 1.11593, 1.29779, 1.02558, 1.17547, 1.0576, 1.10348, 1.14379, 0.800488, 1.12838, 0.95382, 1.06674, 1.01198, 1.05488, 1.23821, 1.04905, 0.889914, 0.838184, 0.939445, 0.779753, 0.933903, 0.797628, 0.799174, 1.09758, 1.0713, 1.0855, 0.873034, 1.33593, 1.36772, 0.777334, 1.01389, 0.954976, 1.19278, 1.15847, 0.734816, 0.796398, 0.755836, 1.29789, 1.01621, 1.07441, 2.008, 2.25406, 1.37694, 0.188728


Size,32,32
Beta,0.5
Delta,0.5
autocorr,1, 0.898592, 0.914474, 0.948343, 1.05714, 0.937141, 0.920874, 0.892497, 0.867658, 1.04184, 0.981785, 0.939154, 0.879986, 0.824481, 1.10088, 1.03469, 1.01277, 0.969469, 0.918818, 1.10417, 1.05318, 1.05242, 0.898606, 0.846337, 1.02047, 1.11509, 1.16791, 1.01337, 0.886399, 0.923722, 0.966827, 1.02717, 0.975805, 0.871827, 0.912805, 0.914461, 1.11579, 1.01326, 0.923208, 0.910538, 0.962317, 1.01453, 1.0814, 0.91131, 0.940718, 0.982722, 1.06025, 1.04419, 0.871476, 0.792222, 0.74303, 0.880224, 0.928369, 0.903391, 0.820087, 0.779223, 0.665501, 1.03429, 0.936291, 0.73608, 0.82697, 0.916356, 0.988065, 0.93578, 0.969073, 0.868805, 0.842798, 0.866613, 1.01101, 0.8113, 0.703832, 0.727913, 0.818479, 0.938835, 0.727744, 0.672072, 0.622319, 0.770769, 0.730592, 0.720381, 0.682597, 0.614646, 0.609245, 0.679606, 0.849563, 0.578207, 0.699606, 0.664941, 0.8979, 0.682253, 0.690496, 0.687915, 0.924061, 0.61946, 0.551271, 0.551553, 0.816657, 0.901942, 0.70594


Size,32,32
Beta,0.5
Delta,1
autocorr,1, 0.956962, 0.914316, 0.828702, 0.820934, 0.729305, 0.87448, 0.857911, 0.869539, 0.892023, 0.97464, 0.929118, 0.975898, 0.950525, 0.932401, 0.853185, 0.926846, 1.02618, 0.878668, 0.850607, 0.888209, 0.837748, 0.843435, 0.813062, 0.939395, 0.83695, 0.858408, 0.992759, 0.872469, 0.977624, 1.00918, 1.01276, 1.03446, 0.942192, 0.9765, 1.04548, 0.869575, 0.827797, 0.915948, 0.879575, 0.911873, 0.871309, 0.991725, 1.00216, 0.992444, 1.08726, 0.926703, 1.04537, 0.985149, 0.977991, 0.812506, 0.78055, 0.877846, 0.728184, 0.797427, 0.684241, 0.863514, 0.778563, 0.788492, 0.843598, 1.06557, 0.866335, 0.888306, 1.00613, 0.668503, 0.793565, 0.713465, 0.755534, 0.686362, 0.654323, 0.856758, 0.95319, 0.873018, 1.00244, 0.937593, 0.979612, 0.664824, 0.718543, 0.701737, 0.895836, 1.19997, 1.03501, 1.11902, 0.973839, 1.00905, 0.798918, 0.437128, 0.727898, 0.966499, 0.946569, 1.05482, 0.869817, 1.15004, 0.831067, 0.411843, 0.153054, 0.235248, 0.2086, 0.13222


Size,32,32
Beta,0.5
Delta,5
autocorr,1, 0.895764, 0.870624, 0.924988, 1.0186, 0.961309, 0.990153, 0.841865, 0.8705, 0.913342, 0.918571, 0.904892, 0.86841, 0.944635, 0.966801, 1.02802, 0.99461, 0.889211, 0.995717, 1.06483, 1.04805, 1.02673, 1.00705, 0.959498, 0.915475, 1.01267, 0.970523, 0.870299, 0.803289, 0.873173, 0.896294, 0.915176, 0.803759, 0.810447, 0.835355, 0.853027, 0.930381, 0.907432, 0.890343, 0.789727, 0.919167, 0.954284, 1.05391, 0.972444, 0.810391, 0.880123, 0.808726, 0.962559, 0.907325, 0.780794, 0.7532, 0.702707, 0.814571, 0.802849, 0.659595, 0.64366, 0.707107, 0.870097, 0.728263, 0.733966, 0.758554, 0.729975, 0.824022, 0.729994, 0.774206, 0.72824, 0.734094, 0.768059, 0.791901, 0.714053, 0.589167, 0.524052, 0.69219, 0.707595, 0.53402, 0.429171, 0.525651, 0.490255, 0.466182, 0.528667, 0.445283, 0.430608, 0.535685, 0.649494, 0.572554, 0.429453, 0.472321, 0.661929, 0.617601, 0.387527, 0.302101, 0.466072, 0.51204, 0.258129, 0.0615653, 0.178469, 0.29678, 0.169479, 0.0320686


Size,32,32
Beta,0.5
Delta,10
autocorr,1, 0.912005, 0.905834, 0.8988, 0.859062, 0.79092, 0.769649, 0.743013, 0.732051, 0.696471, 0.699413, 0.690394, 0.658409, 0.659754, 0.698104, 0.726173, 0.661925, 0.650308, 0.674355, 0.678816, 0.631378, 0.592529, 0.65677, 0.665152, 0.618688, 0.601543, 0.638302, 0.636416, 0.613184, 0.65215, 0.656674, 0.655271, 0.671429, 0.699698, 0.717544, 0.68829, 0.650449, 0.651904, 0.702319, 0.65088, 0.538943, 0.554995, 0.592701, 0.606789, 0.598007, 0.625638, 0.650744, 0.682927, 0.722237, 0.770529, 0.837094, 0.811181, 0.871019, 0.944736, 0.961759, 0.911317, 0.891327, 0.942243, 0.953397, 0.904871, 0.83916, 0.853913, 0.878019, 0.840736, 0.779479, 0.773851, 0.793813, 0.742647, 0.75351, 0.732753, 0.679122, 0.601453, 0.554988, 0.542796, 0.511611, 0.445018, 0.356573, 0.381821, 0.322847, 0.263653, 0.244599, 0.255341, 0.26694, 0.218415, 0.187509, 0.166549, 0.19057, 0.140908, 0.143864, 0.134476, 0.0894247, 0.0708276, 0.0742881, 0.0724507, 0.0420449, 0.034474, 0.0335184, 0.0609676, 0.0446105


Size,32,32
Beta,1
Delta,0.1
autocorr,1, 1.00238, 0.939018, 0.953611, 1.13347, 0.945134, 0.991785, 1.01483, 1.10213, 1.12521, 1.04556, 0.910518, 1.01264, 1.07495, 1.04201, 1.00127, 0.907547, 0.930548, 1.07576, 0.968479, 0.954221, 1.00839, 0.973047, 1.08331, 1.06063, 0.920157, 1.01536, 1.08085, 1.09918, 1.03519, 0.998948, 0.943692, 1.0063, 0.874424, 0.988409, 1.09354, 1.02539, 1.30703, 0.944841, 1.02793, 0.980775, 0.922672, 1.10373, 0.908482, 1.05117, 1.04372, 1.11055, 1.00345, 0.94674, 0.985802, 1.06544, 1.03448, 1.00141, 0.918679, 0.971879, 1.00674, 1.06233, 0.860088, 0.865664, 1.05107, 1.04088, 1.01228, 0.841861, 0.912427, 0.976735, 1.08348, 1.09344, 0.91705, 0.932784, 0.966535, 1.17356, 1.10073, 0.956359, 0.98258, 1.08814, 1.31814, 0.99982, 0.885234, 0.874142, 1.02717, 1.19189, 0.908958, 0.886761, 0.927446, 0.98782, 1.04623, 0.602867, 0.796089, 0.576184, 0.612479, 0.710385, 0.505106, 0.694313, 0.452426, 0.585917, 0.717461, 0.59447, 0.971498, 0.165724


Size,32,32
Beta,1
Delta,0.5
autocorr,1, 0.854636, 1.07797, 1.1246, 1.00625, 0.953548, 1.10144, 1.03023, 0.970026, 0.988945, 1.04242, 1.02886, 0.859795, 1.19581, 1.23961, 0.939042, 0.980534, 1.16478, 1.03874, 0.920134, 1.02046, 1.19235, 1.0034, 0.95339, 0.891947, 1.18346, 1.02313, 0.892594, 1.11447, 1.11408, 0.906198, 1.0229, 1.08081, 0.929045, 0.888541, 1.15398, 1.1295, 0.896039, 0.933829, 1.0592, 1.11321, 0.984426, 0.788391, 1.19742, 0.92275, 0.908097, 0.969011, 0.935073, 0.841361, 0.972988, 1.14256, 0.869934, 0.864302, 0.950987, 1.01381, 1.06856, 0.714188, 0.880392, 1.0099, 0.866862, 0.670453, 0.789637, 0.900998, 0.6583, 0.746108, 0.755968, 0.712491, 0.940252, 0.610065, 0.785093, 0.789797, 0.663087, 0.670368, 0.722197, 0.707664, 0.701223, 0.832585, 0.693343, 0.465589, 0.635059, 0.624603, 0.65639, 0.48432, 0.374642, 0.517309, 0.658212, 0.319532, 0.235286, 0.396589, 0.390639, 0.211707, 0.1389, 0.240781, 0.318434, 0.365121, 0.056611, 0.190014, 0.354787, 0.152107


Size,32,32
Beta,1
Delta,1
autocorr,1, 1.06403, 1.11031, 0.947254, 1.05762, 1.04603, 0.987946, 0.995082, 1.02798, 1.02196, 1.02824, 1.0779, 1.12992, 1.15188, 1.14182, 1.0407, 1.16893, 1.10085, 0.988719, 1.04368, 1.01783, 0.898876, 1.11429, 1.14638, 1.11317, 1.11311, 1.11983, 0.94607, 1.17942, 0.988648, 1.18091, 1.02142, 0.963829, 1.20098, 0.928028, 1.10078, 1.10436, 1.10983, 1.1768, 1.17191, 1.07348, 1.09863, 0.953387, 1.1132, 0.93076, 0.918514, 0.900164, 0.944845, 1.06, 0.873724, 1.00505, 1.07327, 0.949386, 1.015, 1.01885, 0.862945, 0.873536, 0.979175, 0.652634, 0.86308, 0.792362, 0.706052, 0.982339, 0.729414, 1.04209, 0.819159, 0.823036, 0.944624, 0.949553, 0.762032, 0.779706, 0.879291, 0.719438, 0.641558, 0.827285, 0.654215, 0.741866, 1.02149, 0.612771, 0.878055, 0.981469, 0.717507, 0.922349, 0.479795, 0.565321, 0.78161, 0.488495, 0.363018, 0.419453, 0.308783, 0.344585, 0.460238, 0.212706, 0.354104, 0.436055, 0.197969, 0.337642, 0.322814, 0.0758539


Size,32,32
Beta,1
Delta,5
autocorr,1, 0.821245, 0.806545, 0.878686, 0.867706, 0.970909, 1.02935, 0.874099, 0.817452, 0.809624, 0.839222, 0.802159, 0.894519, 0.888449, 0.917423, 0.870655, 0.926104, 0.876954, 0.894927, 0.862673, 0.925515, 0.860506, 0.926126, 0.916474, 0.91036, 0.94177, 0.891136, 0.871946, 0.897815, 1.05495, 0.935839, 0.856527, 0.852405, 0.97505, 0.910159, 0.845957, 0.840706, 0.860017, 0.797676, 0.895307, 1.0062, 0.985682, 0.909213, 0.853283, 0.814615, 0.844922, 0.961031, 1.0039, 0.97434, 0.829594, 0.724735, 0.622452, 0.659116, 0.724108, 0.81122, 0.754231, 0.707013, 0.667889, 0.592508, 0.690067, 0.808632, 0.699958, 0.731395, 0.821839, 0.755446, 0.681777, 0.791357, 0.804528, 0.634864, 0.681378, 0.854959, 0.834124, 0.75772, 0.703936, 0.562851, 0.621104, 0.728355, 0.725262, 0.697549, 0.666699, 0.557563, 0.402868, 0.403861, 0.492142, 0.488533, 0.459376, 0.535762, 0.452351, 0.397738, 0.436414, 0.407546, 0.416999, 0.414549, 0.427801, 0.479194, 0.442898, 0.372867, 0.355712, 0.405269


Size,32,32
Beta,1
Delta,10
autocorr,1, 0.932218, 0.892074, 0.871378, 0.823814, 0.795875, 0.814537, 0.823929, 0.781812, 0.736316, 0.720117, 0.712998, 0.730855, 0.715308, 0.701048, 0.690807, 0.673091, 0.635896, 0.582569, 0.570664, 0.578054, 0.599318, 0.596532, 0.602715, 0.651493, 0.656218, 0.67062, 0.713212, 0.763702, 0.788632, 0.786197, 0.788695, 0.743601, 0.728164, 0.731376, 0.778893, 0.799124, 0.863218, 0.888281, 0.909996, 0.891198, 0.898006, 0.896357, 0.900467, 0.942032, 0.934871, 0.932822, 0.900971, 0.857075, 0.797113, 0.752402, 0.77618, 0.807406, 0.779657, 0.751271, 0.757338, 0.711507, 0.657622, 0.60344, 0.60516, 0.593845, 0.496805, 0.459243, 0.460471, 0.443664, 0.41164, 0.444307, 0.473606, 0.470144, 0.467483, 0.455327, 0.498456, 0.473596, 0.500229, 0.492021, 0.488, 0.496641, 0.549324, 0.547362, 0.553118, 0.643347, 0.702215, 0.718644, 0.724364, 0.807401, 0.875211, 0.827004, 0.785885, 0.851237, 0.938484, 0.920467, 0.882314, 0.948257, 1.01677, 1.00937, 0.830279, 0.864335, 0.989091, 1.01961


Size,32,32
Beta,5
Delta,0.1
autocorr,1, 1.00002, 1, 0.999984, 1.00001, 0.999987, 0.999968, 0.999949, 0.99997, 0.99995, 0.99993, 0.99993, 0.999909, 0.999887, 0.999865, 0.999842, 0.999818, 0.999795, 0.999817, 0.999817, 0.999792, 0.999766, 0.999741, 0.999739, 0.999737, 0.99971, 0.99968, 0.999651, 0.999622, 0.999646, 0.999614, 0.999583, 0.99955, 0.999545, 0.9996, 0.999567, 0.999593, 0.999589, 0.999586, 0.999581, 0.999609, 0.999571, 0.999533, 0.999494, 0.999592, 0.999553, 0.99955, 0.999879, 0.999841, 0.999881, 0.999922, 0.999885, 1.00026, 1.00027, 1.00023, 1.00037, 1.00034, 1.00031, 1.00027, 1.00033, 1.00034, 1.00036, 1.00037, 1.00044, 1.0004, 1.00053, 1.00055, 1.00051, 1.00047, 1.00043, 1.00052, 1.00047, 1.00042, 1.00037, 1.00031, 1.00033, 1.00035, 1.00029, 1.00021, 1.00014, 1.00015, 1.00028, 1.00019, 1.00009, 0.999971, 0.999841, 0.99969, 0.999515, 0.999485, 0.999255, 0.998978, 0.999107, 0.998723, 0.998213, 0.997504, 0.997395, 0.995928, 0.992993, 0.988101


Size,32,32
Beta,5
Delta,0.5
autocorr,1, 0.999747, 1.00006, 1.00017, 1.00036, 1.0003, 1.00003, 1.00023, 0.999979, 1.00025, 1.00062, 1.00083, 1.00038, 0.99989, 0.999451, 0.999744, 0.999521, 0.99919, 0.999148, 0.999542, 0.999758, 0.999503, 0.999814, 0.999557, 0.999535, 1.00008, 1.00045, 1.00095, 1.00128, 1.00152, 1.00132, 1.00098, 1.00046, 1.00027, 1.00036, 1.00021, 0.999783, 0.999285, 0.998965, 0.998687, 0.99891, 0.999453, 0.999051, 0.998902, 0.998717, 1.00036, 1.00047, 1.00005, 1.00025, 0.999846, 0.999406, 0.999668, 0.999145, 0.999284, 1.00129, 1.00115, 1.00091, 1.00022, 1.00122, 1.00142, 1.00123, 1.00077, 0.999863, 0.999298, 0.998901, 0.998978, 0.998419, 0.997417, 0.996637, 0.996289, 0.996492, 0.99706, 0.998292, 0.999542, 1.00109, 1.00075, 0.99997, 1.00086, 1.00002, 1.00123, 1.00296, 1.0031, 1.00139, 1.00069, 1.00253, 0.999751, 0.996422, 0.992746, 0.993931, 0.996165, 0.998548, 0.995235, 0.996947, 0.993086, 0.990766, 0.992416, 0.99353, 1.00651, 0.993197


Size,32,32
Beta,5
Delta,1
autocorr,1, 1.04616, 0.996814, 0.935939, 0.913441, 0.999841, 0.960982, 1.0253, 0.983786, 1.05277, 1.00683, 1.02622, 1.03449, 1.05998, 0.971736, 0.987579, 0.97244, 1.00278, 1.01227, 1.05887, 1.08041, 1.10845, 1.11634, 1.11678, 1.11269, 1.03085, 1.08344, 0.987166, 1.04026, 1.00528, 1.02489, 0.950483, 1.03036, 1.01361, 1.09399, 1.03026, 1.14698, 1.0211, 1.07115, 0.900287, 0.973102, 0.893532, 1.01519, 1.02614, 1.11836, 1.05159, 1.10126, 1.08374, 1.0483, 0.897582, 1.01315, 0.939835, 0.911995, 0.892525, 0.91434, 0.881633, 0.986687, 1.01712, 1.05767, 0.966087, 0.993743, 0.909963, 0.853306, 0.936128, 0.88073, 1.01293, 0.931999, 0.960667, 0.928123, 0.959796, 0.903355, 0.96935, 0.884108, 0.836905, 0.803176, 0.789194, 0.692955, 0.837523, 0.590551, 0.835184, 0.752906, 0.830097, 0.994126, 0.792359, 0.756261, 0.974946, 0.614867, 1.0095, 1.00833, 0.983419, 1.16126, 1.01135, 1.08106, 1.05167, 1.36396, 1.76324, 1.67824, 1.88098, 1.38911


Size,32,32
Beta,5
Delta,5
autocorr,1, 0.946961, 0.902253, 0.863166, 0.815898, 0.777083, 0.738476, 0.71253, 0.683058, 0.657737, 0.636065, 0.618923, 0.600163, 0.584101, 0.577832, 0.569978, 0.571522, 0.576588, 0.576012, 0.560491, 0.548326, 0.531404, 0.494839, 0.47548, 0.457127, 0.449308, 0.447527, 0.440063, 0.439882, 0.446312, 0.436969, 0.432731, 0.44796, 0.47443, 0.489253, 0.496096, 0.52464, 0.533082, 0.539328, 0.53007, 0.533859, 0.526503, 0.524671, 0.522815, 0.54429, 0.549186, 0.526953, 0.518582, 0.53199, 0.553824, 0.568985, 0.593492, 0.580096, 0.555019, 0.54428, 0.544391, 0.520933, 0.507107, 0.474854, 0.469505, 0.444933, 0.464212, 0.521374, 0.56661, 0.594821, 0.625653, 0.664734, 0.699259, 0.727273, 0.783283, 0.85625, 0.874694, 0.90525, 0.949326, 0.981281, 0.992318, 0.994614, 0.974783, 1.0424, 1.11071, 1.17297, 1.28791, 1.44899, 1.59088, 1.74582, 1.85448, 2.01768, 2.13315, 2.33935, 2.54813, 2.76498, 3.06156, 3.30414, 3.38407, 3.46638, 3.23202, 3.35985, 3.60888, 3.63268


Size,32,32
Beta,5
Delta,10
autocorr,1, 0.968228, 0.954882, 0.941796, 0.930809, 0.921954, 0.924195, 0.914345, 0.883722, 0.873773, 0.8807, 0.868902, 0.853541, 0.839641, 0.834333, 0.823526, 0.795556, 0.789403, 0.785284, 0.763845, 0.743468, 0.747809, 0.748608, 0.741355, 0.724756, 0.719231, 0.718453, 0.710611, 0.713226, 0.717347, 0.716028, 0.697272, 0.682833, 0.68974, 0.701464, 0.709111, 0.723069, 0.728468, 0.726851, 0.730888, 0.745576, 0.756615, 0.763197, 0.769208, 0.779611, 0.794642, 0.82111, 0.85318, 0.875859, 0.891568, 0.899986, 0.910527, 0.923079, 0.94767, 0.959347, 0.967126, 0.949531, 0.927132, 0.917973, 0.89418, 0.884602, 0.880952, 0.885129, 0.877174, 0.850116, 0.828162, 0.809667, 0.795812, 0.770408, 0.761419, 0.741023, 0.733797, 0.687391, 0.657863, 0.622354, 0.571543, 0.528239, 0.505985, 0.476599, 0.42048, 0.376665, 0.362795, 0.336287, 0.3125, 0.326921, 0.338048, 0.322872, 0.292746, 0.259685, 0.244643, 0.185745, 0.191218, 0.188034, 0.179541, 0.15915, 0.157878, 0.15849, 0.0473661, 0.135212


Size,32,32
Beta,10
Delta,0.1
autocorr,1, 1, 0.999981, 0.999981, 0.999961, 0.99994, 0.99992, 0.999899, 0.999898, 0.999897, 0.999875, 0.999852, 0.999828, 0.999872, 0.999872, 0.999848, 0.999846, 0.999893, 0.999868, 0.999842, 0.999915, 0.999915, 0.99989, 0.999915, 0.999889, 0.999888, 0.99986, 0.999859, 0.999857, 0.999912, 0.999912, 1.00003, 1.00003, 1, 1, 1, 1, 0.999972, 1.00004, 1.00004, 1.00007, 1.00004, 1.00004, 1.00001, 0.999976, 1.00001, 1.00005, 1.00005, 1.00006, 1.00002, 0.999981, 0.999982, 0.999982, 1.00003, 1.00007, 1.00003, 0.999986, 0.999987, 0.999941, 0.99999, 0.999991, 1.0001, 1.00005, 1.00005, 1.00005, 1.00006, 1, 1, 1.00026, 1.00027, 1.00041, 1.00043, 1.00045, 1.00039, 1.00041, 1.00035, 1.00045, 1.00039, 1.00041, 1.00072, 1.00066, 1.00059, 1.00086, 1.00092, 1.00085, 1.00092, 1.00129, 1.00124, 1.00118, 1.00111, 1.00124, 1.00141, 1.00134, 1.00124, 1.00111, 1.00092, 1.00124, 1.00092, 1.0019


Size,32,32
Beta,10
Delta,0.5
autocorr,1, 1.00029, 1.00016, 1.00014, 1.00035, 1.0001, 0.999885, 0.999823, 0.999871, 0.999973, 1.00029, 1.00061, 1.00081, 1.00076, 1.00069, 1.00079, 1.00053, 1.00047, 1.0003, 0.999983, 1.0003, 0.999971, 1, 1.00023, 1.00036, 1.00036, 0.999927, 1.00013, 0.999945, 0.999963, 0.999865, 0.999705, 0.999483, 0.999641, 0.999733, 0.999888, 0.9997, 0.999469, 0.999229, 0.998943, 0.999191, 0.999174, 0.999218, 0.999608, 0.999934, 0.999904, 0.99971, 0.999731, 0.99962, 1.00016, 1.00078, 1.00071, 1.00074, 1.00061, 1.00058, 1.00099, 1.00151, 1.00157, 1.0016, 1.00201, 1.0017, 1.00138, 1.00101, 1.00076, 1.00104, 1.00131, 1.00161, 1.00128, 1.00088, 1.00066, 1.00078, 1.00034, 1.00087, 0.999759, 0.999761, 1.00009, 1.00084, 1.00103, 0.999715, 1.00107, 0.999826, 0.998944, 0.998522, 0.997077, 0.997235, 0.996529, 0.996069, 0.997198, 0.999441, 1.00242, 1.00359, 1.00443, 1.00435, 1.00176, 0.996959, 1.0005, 1.00125, 0.996263, 1.02287


Size,32,32
Beta,10
Delta,1
autocorr,1, 0.973058, 0.988188, 0.947817, 0.994306, 0.966366, 0.967294, 0.957034, 0.976339, 0.965349, 0.978843, 1.03161, 1.01233, 1.0161, 0.985884, 0.991234, 0.994694, 1.01329, 1.02891, 0.984528, 0.99514, 0.969885, 0.95988, 0.989007, 0.997894, 1.00829, 1.00804, 0.981737, 0.950566, 0.998414, 1.03886, 0.984306, 0.983652, 0.954863, 0.94111, 0.963284, 0.94378, 0.955993, 1.0023, 0.980641, 0.936742, 0.976767, 1.00457, 1.02517, 1.01277, 1.00261, 1.01367, 0.953163, 1.00097, 0.975736, 0.972654, 1.01319, 0.90941, 0.944491, 0.957667, 0.963111, 0.983492, 0.986073, 0.970628, 0.956376, 1.04297, 1.00056, 1.02014, 1.02273, 0.983539, 1.02341, 0.928463, 0.917222, 0.92708, 0.982531, 1.03508, 0.951601, 0.982475, 0.984878, 0.975978, 0.967828, 0.920939, 0.913077, 0.892575, 0.878532, 0.81412, 0.905596, 0.973414, 0.885072, 0.992936, 0.946462, 0.850313, 0.944573, 0.933644, 0.905086, 0.966148, 0.935685, 0.844038, 0.970659, 0.912828, 0.780972, 1.08355, 0.852469, 0.111023


Size,32,32
Beta,10
Delta,5
autocorr,1, 0.976054, 0.956846, 0.927176, 0.906848, 0.882, 0.867005, 0.85501, 0.83799, 0.823733, 0.801747, 0.774591, 0.755645, 0.724961, 0.703469, 0.68438, 0.664513, 0.661786, 0.652126, 0.642753, 0.626739, 0.604648, 0.585677, 0.570501, 0.539585, 0.511392, 0.502173, 0.49262, 0.486821, 0.491009, 0.483214, 0.469263, 0.446019, 0.42154, 0.407904, 0.372931, 0.358627, 0.365893, 0.370848, 0.388409, 0.393026, 0.405059, 0.432247, 0.431903, 0.441809, 0.458431, 0.466642, 0.504417, 0.533494, 0.566879, 0.609931, 0.64036, 0.677671, 0.709703, 0.736717, 0.762373, 0.778894, 0.828533, 0.877286, 0.892976, 0.945962, 0.99196, 1.02013, 1.03421, 1.03176, 1.02605, 1.01019, 0.978525, 0.970094, 0.976707, 0.995911, 1.01349, 1.02747, 1.01341, 0.989902, 0.975199, 0.955809, 0.965569, 0.976958, 0.982881, 1.00802, 1.04545, 1.10267, 1.15423, 1.20872, 1.23957, 1.23174, 1.22906, 1.2301, 1.18592, 1.18349, 1.12765, 1.10806, 1.15775, 1.09685, 1.09676, 1.09177, 1.14763, 1.10818


Size,32,32
Beta,10
Delta,10
autocorr,1, 0.962045, 0.924103, 0.89185, 0.869618, 0.851231, 0.829617, 0.812113, 0.778125, 0.755402, 0.741053, 0.727217, 0.721623, 0.709248, 0.696601, 0.671308, 0.641932, 0.623018, 0.631294, 0.637556, 0.64344, 0.638214, 0.621619, 0.595164, 0.588945, 0.582703, 0.592059, 0.598155, 0.607004, 0.62521, 0.640576, 0.666359, 0.699031, 0.726231, 0.75471, 0.775534, 0.771261, 0.775928, 0.756222, 0.740677, 0.736692, 0.74083, 0.747099, 0.751437, 0.744643, 0.767411, 0.788024, 0.800289, 0.812761, 0.816802, 0.820268, 0.805248, 0.7812, 0.767387, 0.764966, 0.760415, 0.769888, 0.759994, 0.737419, 0.707691, 0.69697, 0.701066, 0.722281, 0.732575, 0.740367, 0.741478, 0.755821, 0.79503, 0.860539, 0.934422, 1.00878, 1.05611, 1.07317, 1.04952, 1.00138, 0.990585, 1.00071, 1.00313, 1.01276, 1.00965, 0.973256, 0.944964, 0.935992, 0.939048, 0.927451, 0.878732, 0.801424, 0.716958, 0.651657, 0.603615, 0.596637, 0.628537, 0.660949, 0.648325, 0.585217, 0.447213, 0.269095, 0.125075, 0.113672


Size,128,128
Beta,0.1
Delta,0.1
autocorr,1, 0.955035, 0.913157, 0.865985, 0.852919, 0.847452, 0.838449, 0.828625, 0.819674, 0.809154, 0.798995, 0.792085, 0.779356, 0.75815, 0.74735, 0.735653, 0.730176, 0.7175, 0.704011, 0.682611, 0.662956, 0.668907, 0.687183, 0.728892, 0.770268, 0.788354, 0.785916, 0.776192, 0.754149, 0.723111, 0.699032, 0.687283, 0.669451, 0.648855, 0.646216, 0.639951, 0.652606, 0.661758, 0.660448, 0.642866, 0.634307, 0.630766, 0.622956, 0.619871, 0.599404, 0.568686, 0.534091, 0.536866, 0.570854, 0.602557, 0.634731, 0.666706, 0.683003, 0.705162, 0.716452, 0.715813, 0.705016, 0.688784, 0.674006, 0.672429, 0.709332, 0.743844, 0.767937, 0.79291, 0.791198, 0.782528, 0.779842, 0.767622, 0.756886, 0.760633, 0.749973, 0.725271, 0.725682, 0.74891, 0.761102, 0.816392, 0.888372, 0.939034, 1.00618, 1.06264, 1.12281, 1.16358, 1.20674, 1.23471, 1.23396, 1.26458, 1.2877, 1.3411, 1.35641, 1.35764, 1.37716, 1.34115, 1.43755, 1.53672, 1.57482, 1.67298, 1.4634, 1.31308, 1.40062


Size,128,128
Beta,0.1
Delta,0.5
autocorr,1, 0.987425, 0.979373, 0.981934, 0.975768, 0.969289, 0.972354, 0.973611, 0.974439, 0.966205, 0.956066, 0.947443, 0.940106, 0.931866, 0.914594, 0.904547, 0.894808, 0.882451, 0.865353, 0.851799, 0.846241, 0.833695, 0.822906, 0.808536, 0.79563, 0.780145, 0.765238, 0.750504, 0.733002, 0.727472, 0.724098, 0.714205, 0.700342, 0.698897, 0.699766, 0.690482, 0.667037, 0.655346, 0.649123, 0.642571, 0.628878, 0.61412, 0.601138, 0.586686, 0.571708, 0.552344, 0.542153, 0.537618, 0.526747, 0.514344, 0.507295, 0.508961, 0.493311, 0.475106, 0.464279, 0.457925, 0.448392, 0.441633, 0.437205, 0.434447, 0.418392, 0.39962, 0.376801, 0.36157, 0.353934, 0.355606, 0.345837, 0.339093, 0.337476, 0.340477, 0.33579, 0.318917, 0.306346, 0.301381, 0.293855, 0.288891, 0.277135, 0.273229, 0.271298, 0.268972, 0.258829, 0.246604, 0.247503, 0.219322, 0.183886, 0.148622, 0.134501, 0.126378, 0.12163, 0.145923, 0.193142, 0.244415, 0.269248, 0.290706, 0.263086, 0.213313, 0.135027, 0.068291, 0.068278


Size,128,128
Beta,0.1
Delta,1
autocorr,1, 0.997051, 0.994352, 0.991413, 0.990788, 0.984099, 0.97771, 0.968198, 0.956952, 0.945719, 0.929925, 0.918952, 0.9054, 0.89136, 0.879731, 0.866065, 0.851001, 0.832847, 0.816949, 0.802193, 0.787734, 0.777089, 0.76298, 0.750255, 0.739924, 0.733074, 0.724521, 0.717651, 0.711192, 0.703345, 0.699478, 0.697035, 0.693474, 0.690402, 0.682363, 0.679116, 0.67727, 0.679132, 0.680735, 0.680375, 0.686532, 0.694885, 0.705553, 0.715825, 0.728561, 0.740061, 0.752564, 0.769292, 0.787274, 0.80972, 0.83169, 0.848054, 0.862069, 0.877453, 0.898941, 0.916838, 0.930798, 0.946155, 0.959371, 0.975744, 0.983698, 0.984807, 0.984282, 0.983118, 0.984311, 0.981131, 0.978067, 0.971856, 0.959056, 0.948635, 0.933775, 0.917133, 0.906812, 0.888487, 0.870042, 0.854321, 0.834498, 0.808649, 0.780348, 0.748943, 0.734838, 0.719644, 0.699102, 0.674674, 0.643127, 0.623274, 0.596354, 0.578551, 0.574654, 0.555358, 0.536639, 0.520591, 0.511967, 0.495128, 0.452101, 0.433311, 0.410495, 0.411763, 0.465058


Size,128,128
Beta,0.1
Delta,5
autocorr,1, 0.980587, 0.970331, 0.96022, 0.945679, 0.921175, 0.90398, 0.890253, 0.870067, 0.847269, 0.828985, 0.814547, 0.807895, 0.791054, 0.772638, 0.747817, 0.737301, 0.70885, 0.680451, 0.653205, 0.619661, 0.600836, 0.573971, 0.549329, 0.53064, 0.517211, 0.50301, 0.487975, 0.472331, 0.470556, 0.459036, 0.45506, 0.449568, 0.44823, 0.435739, 0.415355, 0.421084, 0.419282, 0.415901, 0.412804, 0.41182, 0.426325, 0.434305, 0.44318, 0.459748, 0.471708, 0.488957, 0.501465, 0.517387, 0.536986, 0.5686, 0.601153, 0.628644, 0.657674, 0.68228, 0.716098, 0.74561, 0.755921, 0.774313, 0.7893, 0.78194, 0.771778, 0.758742, 0.75995, 0.753284, 0.747486, 0.73783, 0.749303, 0.761403, 0.761446, 0.76527, 0.760051, 0.745733, 0.733597, 0.720769, 0.716093, 0.707969, 0.664609, 0.639243, 0.594504, 0.552464, 0.525626, 0.515029, 0.538166, 0.567953, 0.594116, 0.605472, 0.639183, 0.671087, 0.725739, 0.764643, 0.789629, 0.800442, 0.814108, 0.750035, 0.726263, 0.714246, 0.795947, 0.835684


Size,128,128
Beta,0.1
Delta,10
autocorr,1, 0.960059, 0.923341, 0.894401, 0.876686, 0.854403, 0.822727, 0.800771, 0.783756, 0.772285, 0.745781, 0.720409, 0.690466, 0.670425, 0.66012, 0.640202, 0.61939, 0.594063, 0.568345, 0.54314, 0.527946, 0.502097, 0.495778, 0.495886, 0.490383, 0.500999, 0.516221, 0.519438, 0.526773, 0.532058, 0.537367, 0.534468, 0.538587, 0.543532, 0.550329, 0.571724, 0.588129, 0.602078, 0.609761, 0.616854, 0.629945, 0.657132, 0.668871, 0.679039, 0.670814, 0.670767, 0.689404, 0.715254, 0.712808, 0.711165, 0.717931, 0.723822, 0.74137, 0.773347, 0.777607, 0.783087, 0.802612, 0.80208, 0.80754, 0.815202, 0.825532, 0.845356, 0.872478, 0.886641, 0.892707, 0.897761, 0.918695, 0.93782, 0.972506, 1.00379, 1.04166, 1.0934, 1.13815, 1.19125, 1.24453, 1.26733, 1.32519, 1.37641, 1.42779, 1.46671, 1.5013, 1.51858, 1.52492, 1.55248, 1.60754, 1.68065, 1.7374, 1.75736, 1.75784, 1.7462, 1.80905, 1.819, 1.80056, 1.76016, 1.70834, 1.74508, 1.6949, 1.64115, 1.59606


Size,128,128
Beta,0.5
Delta,0.1
autocorr,1, 0.992576, 0.983211, 0.971694, 0.955507, 0.934901, 0.91165, 0.891975, 0.874974, 0.855433, 0.833884, 0.81365, 0.796647, 0.782366, 0.7714, 0.75994, 0.749246, 0.744119, 0.742127, 0.737385, 0.731761, 0.72296, 0.717282, 0.713251, 0.709542, 0.70453, 0.700589, 0.700699, 0.699255, 0.699336, 0.693569, 0.684149, 0.67477, 0.668314, 0.659445, 0.650777, 0.641263, 0.636912, 0.63806, 0.639365, 0.640321, 0.644385, 0.657524, 0.676104, 0.698418, 0.722689, 0.749274, 0.777597, 0.811152, 0.833073, 0.852515, 0.868519, 0.88052, 0.887514, 0.888402, 0.882039, 0.874611, 0.865571, 0.854823, 0.835439, 0.816268, 0.797668, 0.774449, 0.753866, 0.735216, 0.720203, 0.711213, 0.708366, 0.702913, 0.700053, 0.700609, 0.696599, 0.695623, 0.698334, 0.696573, 0.693278, 0.702288, 0.712471, 0.725072, 0.737133, 0.739973, 0.746729, 0.751031, 0.747484, 0.740849, 0.724624, 0.70836, 0.688336, 0.670614, 0.645009, 0.610617, 0.584142, 0.553266, 0.500584, 0.440925, 0.384701, 0.32007, 0.333172, 0.278453


Size,128,128
Beta,0.5
Delta,0.5
autocorr,1, 0.989219, 0.978837, 0.962121, 0.955536, 0.946208, 0.932794, 0.929307, 0.921866, 0.899581, 0.890366, 0.869715, 0.847665, 0.839258, 0.832428, 0.821945, 0.829663, 0.828852, 0.831348, 0.839278, 0.831811, 0.831617, 0.836178, 0.841378, 0.848545, 0.857976, 0.851785, 0.85053, 0.846578, 0.835397, 0.833948, 0.823224, 0.812856, 0.792042, 0.776452, 0.759776, 0.744867, 0.71812, 0.687997, 0.66871, 0.657198, 0.641316, 0.619741, 0.605375, 0.594433, 0.588306, 0.577074, 0.576133, 0.568976, 0.573779, 0.577821, 0.577125, 0.581164, 0.566588, 0.562216, 0.565765, 0.561879, 0.553644, 0.549493, 0.545528, 0.542071, 0.539165, 0.517922, 0.506549, 0.496981, 0.47858, 0.470904, 0.469306, 0.454677, 0.463159, 0.458916, 0.450702, 0.455479, 0.433882, 0.404353, 0.383635, 0.370789, 0.358895, 0.368822, 0.346088, 0.351279, 0.364884, 0.364644, 0.36782, 0.344532, 0.304262, 0.268823, 0.242836, 0.204095, 0.21834, 0.212873, 0.215679, 0.269222, 0.265053, 0.235829, 0.216943, 0.177422, 0.347133, 0.507975


Size,128,128
Beta,0.5
Delta,1
autocorr,1, 0.993504, 0.992846, 0.985669, 0.978795, 0.976015, 0.973518, 0.967357, 0.962313, 0.948111, 0.937009, 0.91788, 0.905154, 0.890904, 0.874341, 0.86244, 0.852642, 0.844867, 0.83882, 0.830483, 0.813685, 0.803537, 0.791379, 0.781051, 0.773876, 0.765026, 0.755493, 0.748833, 0.746771, 0.737609, 0.727502, 0.72307, 0.720641, 0.715187, 0.70416, 0.691024, 0.678324, 0.663468, 0.645727, 0.633674, 0.626616, 0.61808, 0.613139, 0.602817, 0.585749, 0.569901, 0.554728, 0.535335, 0.522354, 0.518424, 0.512837, 0.50781, 0.502644, 0.502939, 0.496028, 0.477264, 0.463049, 0.451021, 0.437997, 0.428604, 0.424468, 0.422564, 0.419368, 0.412826, 0.401748, 0.393198, 0.377787, 0.360242, 0.353718, 0.337023, 0.322368, 0.31155, 0.311342, 0.303295, 0.289424, 0.280033, 0.264615, 0.247808, 0.241205, 0.237006, 0.217406, 0.211682, 0.198376, 0.201573, 0.20306, 0.194968, 0.188643, 0.189312, 0.164427, 0.128306, 0.0987406, 0.0745035, 0.0842943, 0.0407666, 0.0257471, 0.0385214, 0.0148359, 0.0160451, 0.04047


Size,128,128
Beta,0.5
Delta,5
autocorr,1, 0.941236, 0.891602, 0.841469, 0.80763, 0.7876, 0.767298, 0.758711, 0.725636, 0.679563, 0.622873, 0.596513, 0.576832, 0.576968, 0.575519, 0.555724, 0.543196, 0.540867, 0.5179, 0.512158, 0.526973, 0.56588, 0.617416, 0.663681, 0.68972, 0.702007, 0.692481, 0.671573, 0.641326, 0.618592, 0.600638, 0.61785, 0.618137, 0.576946, 0.542316, 0.51146, 0.472781, 0.473933, 0.477693, 0.516572, 0.543971, 0.543806, 0.518956, 0.501353, 0.501052, 0.526721, 0.558516, 0.613112, 0.652799, 0.724895, 0.761845, 0.766968, 0.795574, 0.816349, 0.820308, 0.825338, 0.797287, 0.782733, 0.7492, 0.714597, 0.687882, 0.652332, 0.628793, 0.629597, 0.65532, 0.657302, 0.629986, 0.633928, 0.613125, 0.586937, 0.572646, 0.570134, 0.589056, 0.638312, 0.675441, 0.70726, 0.756255, 0.823287, 0.904743, 0.995339, 1.01386, 1.02872, 1.04902, 1.0203, 0.958697, 0.966423, 0.987988, 1.0049, 1.053, 1.10137, 1.17066, 1.23711, 1.30522, 1.39432, 1.40182, 1.35012, 1.16178, 1.08305, 1.27263


Size,128,128
Beta,0.5
Delta,10
autocorr,1, 0.955126, 0.913543, 0.882355, 0.847888, 0.806524, 0.774126, 0.743088, 0.702681, 0.674351, 0.647538, 0.626979, 0.615896, 0.610796, 0.617509, 0.622364, 0.617658, 0.622971, 0.625342, 0.612492, 0.566804, 0.516901, 0.477543, 0.451545, 0.408907, 0.375605, 0.359894, 0.333714, 0.298877, 0.261474, 0.235094, 0.221376, 0.219079, 0.226873, 0.23419, 0.233746, 0.233246, 0.244109, 0.254797, 0.266618, 0.262237, 0.25984, 0.255015, 0.264247, 0.267319, 0.275624, 0.304784, 0.324297, 0.33201, 0.331443, 0.332865, 0.336652, 0.344223, 0.362541, 0.397041, 0.44793, 0.510399, 0.554786, 0.592278, 0.618684, 0.648496, 0.686495, 0.743772, 0.776096, 0.798708, 0.840345, 0.892936, 0.936659, 0.945745, 0.940236, 0.950473, 0.936124, 0.947769, 0.996642, 1.04676, 1.1179, 1.1687, 1.21813, 1.20904, 1.21167, 1.28219, 1.36228, 1.45264, 1.47801, 1.53689, 1.61346, 1.65201, 1.67605, 1.65648, 1.65907, 1.67762, 1.64793, 1.64436, 1.6138, 1.68821, 1.73592, 1.78297, 1.91925, 2.10944


Size,128,128
Beta,1
Delta,0.1
autocorr,1, 1.00073, 1.00094, 1.00175, 1.00189, 1.0009, 1.00197, 1.00157, 0.998453, 0.995585, 0.991334, 0.985036, 0.980514, 0.975555, 0.973202, 0.966539, 0.958867, 0.950841, 0.941915, 0.929098, 0.916809, 0.907194, 0.899622, 0.891465, 0.883593, 0.878094, 0.86552, 0.852188, 0.831983, 0.818261, 0.802697, 0.787265, 0.770497, 0.75081, 0.734254, 0.71356, 0.6923, 0.673169, 0.652306, 0.631257, 0.614168, 0.595737, 0.579547, 0.558389, 0.538391, 0.520062, 0.498555, 0.482569, 0.468086, 0.453707, 0.439268, 0.423553, 0.409764, 0.397284, 0.377424, 0.362536, 0.349691, 0.341625, 0.328337, 0.311443, 0.297961, 0.278522, 0.261805, 0.244378, 0.233753, 0.219101, 0.210073, 0.195942, 0.186166, 0.170987, 0.158127, 0.145421, 0.139721, 0.134568, 0.130263, 0.13348, 0.13683, 0.135832, 0.12573, 0.123871, 0.123523, 0.114354, 0.102719, 0.10854, 0.11185, 0.117429, 0.114619, 0.109797, 0.111729, 0.101973, 0.120291, 0.138699, 0.15357, 0.152329, 0.173384, 0.173709, 0.183743, 0.116, 0.0850592


Size,128,128
Beta,1
Delta,0.5
autocorr,1, 0.960463, 0.927043, 0.90428, 0.905175, 0.87791, 0.842293, 0.787457, 0.738893, 0.709097, 0.671255, 0.647531, 0.607902, 0.564734, 0.526766, 0.488934, 0.476371, 0.474593, 0.462517, 0.436802, 0.417599, 0.410398, 0.415524, 0.436073, 0.444118, 0.432494, 0.421921, 0.4268, 0.452597, 0.491849, 0.504696, 0.488964, 0.47936, 0.479967, 0.500476, 0.522884, 0.532425, 0.525564, 0.516615, 0.520248, 0.529469, 0.54908, 0.568408, 0.575227, 0.565591, 0.546492, 0.539344, 0.560227, 0.584838, 0.581724, 0.564149, 0.545488, 0.525187, 0.522739, 0.530712, 0.52288, 0.499996, 0.467422, 0.452314, 0.447828, 0.452951, 0.447529, 0.424753, 0.411491, 0.41608, 0.454196, 0.513418, 0.561835, 0.606604, 0.664484, 0.7166, 0.780914, 0.837816, 0.914822, 0.978536, 1.0075, 1.06578, 1.10837, 1.14647, 1.20346, 1.2268, 1.25668, 1.25918, 1.27262, 1.2896, 1.24699, 1.20842, 1.14012, 1.10946, 1.09707, 1.05935, 1.04584, 0.962602, 0.821553, 0.670929, 0.481498, 0.337108, 0.21529, 0.120562


Size,128,128
Beta,1
Delta,1
autocorr,1, 0.902542, 0.845398, 0.816629, 0.782504, 0.718182, 0.650908, 0.579923, 0.536371, 0.537429, 0.533751, 0.495948, 0.487523, 0.494569, 0.505517, 0.500149, 0.48554, 0.465104, 0.457724, 0.494424, 0.531009, 0.517511, 0.496727, 0.470782, 0.492474, 0.52157, 0.551085, 0.556216, 0.550492, 0.55219, 0.568834, 0.578109, 0.589965, 0.607218, 0.577411, 0.595467, 0.614684, 0.629294, 0.601584, 0.603223, 0.615114, 0.628289, 0.630224, 0.621048, 0.585043, 0.564153, 0.607845, 0.625799, 0.587201, 0.542966, 0.547059, 0.574621, 0.58837, 0.605823, 0.641315, 0.65259, 0.700594, 0.782037, 0.861166, 0.88879, 0.903805, 0.931914, 0.943792, 0.907112, 0.856126, 0.747633, 0.707988, 0.716948, 0.717156, 0.695527, 0.607435, 0.564569, 0.568385, 0.640508, 0.74062, 0.825637, 0.82737, 0.825165, 0.867173, 0.988808, 1.12375, 1.15743, 1.10653, 1.11183, 1.20473, 1.27652, 1.31694, 1.35766, 1.48923, 1.76782, 1.99686, 2.03773, 1.90871, 1.71836, 1.84812, 2.19173, 2.33105, 2.14565, 1.90003


Size,128,128
Beta,1
Delta,5
autocorr,1, 0.95273, 0.920121, 0.890327, 0.855634, 0.834785, 0.83251, 0.81271, 0.782561, 0.762355, 0.749392, 0.724119, 0.696225, 0.67278, 0.647117, 0.619356, 0.606745, 0.624425, 0.632162, 0.616625, 0.598826, 0.586791, 0.564934, 0.532779, 0.519864, 0.512928, 0.48997, 0.47202, 0.459475, 0.451638, 0.423962, 0.397234, 0.373821, 0.358487, 0.34413, 0.335426, 0.34688, 0.356043, 0.362631, 0.365807, 0.365951, 0.372363, 0.382369, 0.408276, 0.423471, 0.430924, 0.445828, 0.461699, 0.48154, 0.494822, 0.510934, 0.530007, 0.544505, 0.54995, 0.559138, 0.591402, 0.629669, 0.666404, 0.680068, 0.691636, 0.709431, 0.726062, 0.756394, 0.788239, 0.811217, 0.801453, 0.790748, 0.761123, 0.748123, 0.755191, 0.743456, 0.703687, 0.654125, 0.611995, 0.580623, 0.54291, 0.517878, 0.49703, 0.479098, 0.46136, 0.484143, 0.51786, 0.563937, 0.57523, 0.542823, 0.507669, 0.449955, 0.469723, 0.48636, 0.548399, 0.622894, 0.694735, 0.791196, 0.929399, 1.07951, 1.16044, 1.1737, 1.12719, 1.34073


Size,128,128
Beta,1
Delta,10
autocorr,1, 0.955879, 0.922127, 0.896275, 0.871196, 0.852934, 0.840214, 0.811948, 0.795901, 0.784127, 0.769267, 0.752079, 0.716477, 0.69831, 0.687408, 0.678109, 0.673085, 0.671483, 0.676979, 0.689853, 0.726296, 0.753101, 0.768793, 0.756775, 0.781025, 0.787884, 0.814708, 0.847455, 0.875406, 0.90824, 0.921648, 0.939193, 0.966593, 0.977451, 0.964244, 0.971476, 0.995195, 0.976982, 0.973518, 0.954977, 0.913261, 0.860293, 0.826509, 0.792697, 0.733793, 0.694471, 0.649396, 0.632882, 0.625733, 0.64532, 0.629107, 0.605411, 0.580348, 0.54517, 0.531997, 0.546749, 0.567565, 0.593838, 0.614288, 0.610594, 0.627259, 0.658856, 0.657211, 0.641728, 0.635796, 0.621832, 0.623341, 0.61428, 0.618743, 0.632303, 0.678245, 0.702149, 0.753787, 0.7327, 0.706821, 0.686634, 0.6396, 0.59015, 0.54911, 0.568405, 0.573172, 0.549293, 0.544069, 0.527124, 0.45143, 0.378245, 0.374517, 0.387679, 0.354496, 0.346447, 0.26727, 0.220473, 0.22569, 0.228327, 0.209761, 0.277089, 0.36445, 0.504034, 0.576039


Size,128,128
Beta,5
Delta,0.1
autocorr,1, 0.822433, 0.654122, 0.534731, 0.492262, 0.518317, 0.517759, 0.527613, 0.547455, 0.522977, 0.486544, 0.437548, 0.381551, 0.317784, 0.354868, 0.399441, 0.431493, 0.480946, 0.457434, 0.378184, 0.371861, 0.365288, 0.392669, 0.453372, 0.49681, 0.543969, 0.598217, 0.648887, 0.623373, 0.564591, 0.478944, 0.412552, 0.379175, 0.397489, 0.39606, 0.419977, 0.418643, 0.352912, 0.315783, 0.306375, 0.304661, 0.320909, 0.321017, 0.315338, 0.300965, 0.284815, 0.285838, 0.298423, 0.296713, 0.295095, 0.291324, 0.299732, 0.289173, 0.275471, 0.275037, 0.299123, 0.338436, 0.401998, 0.476457, 0.541247, 0.563772, 0.573881, 0.590402, 0.576049, 0.583089, 0.532842, 0.493751, 0.485812, 0.502517, 0.516036, 0.528991, 0.530761, 0.498751, 0.469718, 0.482002, 0.537569, 0.573923, 0.581806, 0.522612, 0.457734, 0.502562, 0.527642, 0.564425, 0.628369, 0.737781, 0.894735, 1.04611, 1.1657, 1.07966, 0.916033, 0.706005, 0.548839, 0.494, 0.599119, 0.755413, 0.908367, 0.911863, 0.567478, 0.385273


Size,128,128
Beta,5
Delta,0.5
autocorr,1, 0.918157, 0.888993, 0.918233, 0.909523, 0.816931, 0.858949, 0.820963, 0.821702, 0.74131, 0.73362, 0.671615, 0.59261, 0.564486, 0.637645, 0.659594, 0.649619, 0.621828, 0.553189, 0.548362, 0.60313, 0.623557, 0.544977, 0.501105, 0.521184, 0.558417, 0.573896, 0.512656, 0.491854, 0.571867, 0.562814, 0.579921, 0.576519, 0.591901, 0.584962, 0.59081, 0.628574, 0.697674, 0.692454, 0.630996, 0.594892, 0.578283, 0.632112, 0.57508, 0.540776, 0.492022, 0.579496, 0.575482, 0.60369, 0.507646, 0.48551, 0.532763, 0.518345, 0.59228, 0.55698, 0.601834, 0.581094, 0.619335, 0.654319, 0.620526, 0.613201, 0.631978, 0.641765, 0.682573, 0.659822, 0.652429, 0.620798, 0.585966, 0.610434, 0.624345, 0.6803, 0.583098, 0.60622, 0.638327, 0.585288, 0.54703, 0.603221, 0.623115, 0.654481, 0.614257, 0.652883, 0.631902, 0.603206, 0.639529, 0.633053, 0.849582, 0.822472, 0.863622, 0.813622, 0.662305, 0.60295, 0.547499, 0.703995, 0.751207, 0.720268, 0.770055, 1.07264, 1.32761, 0.926463


Size,128,128
Beta,5
Delta,1
autocorr,1, 0.939579, 0.902452, 0.877319, 0.848008, 0.839647, 0.843072, 0.857531, 0.878366, 0.877937, 0.862208, 0.858655, 0.845978, 0.815721, 0.788573, 0.776639, 0.754898, 0.749207, 0.73557, 0.732455, 0.748695, 0.787774, 0.804984, 0.806723, 0.801751, 0.777762, 0.746775, 0.717976, 0.695006, 0.683671, 0.696862, 0.723594, 0.756725, 0.804652, 0.833402, 0.846921, 0.850927, 0.847444, 0.813341, 0.791461, 0.784493, 0.780551, 0.786356, 0.805932, 0.814413, 0.818353, 0.829896, 0.820876, 0.809093, 0.807082, 0.799798, 0.781834, 0.767068, 0.765337, 0.752137, 0.772143, 0.818283, 0.871894, 0.926375, 0.975686, 0.977501, 0.9543, 0.941519, 0.93207, 0.926971, 0.932913, 0.951204, 0.976557, 1.01314, 1.06573, 1.10973, 1.14682, 1.15773, 1.16252, 1.16522, 1.17104, 1.12857, 1.08217, 1.06623, 1.06782, 1.06356, 1.07559, 1.11919, 1.15227, 1.12134, 1.03282, 0.945382, 0.885666, 0.783135, 0.640838, 0.558789, 0.559732, 0.618824, 0.691545, 0.68297, 0.679584, 0.930491, 1.26304, 1.20372


Size,128,128
Beta,5
Delta,5
autocorr,1, 0.976532, 0.956619, 0.936002, 0.918054, 0.896442, 0.875709, 0.859947, 0.842218, 0.820988, 0.802981, 0.789608, 0.773063, 0.749262, 0.733173, 0.72192, 0.719889, 0.714283, 0.704022, 0.696048, 0.691445, 0.683144, 0.684292, 0.678858, 0.680423, 0.678246, 0.675516, 0.671788, 0.663403, 0.659171, 0.654627, 0.65404, 0.644079, 0.639736, 0.639433, 0.644977, 0.649553, 0.650154, 0.660039, 0.674516, 0.692691, 0.705344, 0.721459, 0.74154, 0.748434, 0.759602, 0.769583, 0.800071, 0.827779, 0.835501, 0.840783, 0.86576, 0.894747, 0.907737, 0.913141, 0.922344, 0.945188, 0.958924, 0.974355, 0.99478, 1.02249, 1.04142, 1.04935, 1.06664, 1.08434, 1.09804, 1.10131, 1.09854, 1.12006, 1.13598, 1.14001, 1.12632, 1.12879, 1.12942, 1.15665, 1.20362, 1.22945, 1.31125, 1.36489, 1.41488, 1.45378, 1.49433, 1.50962, 1.55297, 1.56811, 1.57079, 1.5759, 1.61608, 1.65186, 1.66928, 1.654, 1.60977, 1.60832, 1.57001, 1.56567, 1.59723, 1.63617, 1.73621, 1.99569


Size,128,128
Beta,5
Delta,10
autocorr,1, 1.00265, 1.00579, 1.00865, 1.01151, 1.01457, 1.01743, 1.01951, 1.02178, 1.02485, 1.02776, 1.03047, 1.03321, 1.03555, 1.0367, 1.03792, 1.03837, 1.03787, 1.03748, 1.03711, 1.03689, 1.03737, 1.03796, 1.03831, 1.03778, 1.03701, 1.03582, 1.03335, 1.03193, 1.02988, 1.02674, 1.02362, 1.02121, 1.01882, 1.01595, 1.01418, 1.01133, 1.00929, 1.00613, 1.00042, 0.994334, 0.986918, 0.979394, 0.971519, 0.963153, 0.953018, 0.942996, 0.933178, 0.923062, 0.911889, 0.900416, 0.889605, 0.877979, 0.866598, 0.854774, 0.844537, 0.834762, 0.824037, 0.812127, 0.801046, 0.791413, 0.785118, 0.77987, 0.773617, 0.770041, 0.764893, 0.760168, 0.755493, 0.74723, 0.736234, 0.726926, 0.719343, 0.70762, 0.697225, 0.687648, 0.676718, 0.667002, 0.656628, 0.646709, 0.635718, 0.622974, 0.60912, 0.591587, 0.578539, 0.569069, 0.558922, 0.555983, 0.553495, 0.55151, 0.552042, 0.553357, 0.544903, 0.536225, 0.533239, 0.540252, 0.544816, 0.550282, 0.566514, 0.591304


Size,128,128
Beta,10
Delta,0.1
autocorr,1, 0.990582, 0.979689, 0.96698, 0.953403, 0.938278, 0.922308, 0.908349, 0.891175, 0.874033, 0.856958, 0.838322, 0.820152, 0.801854, 0.783217, 0.762867, 0.742001, 0.720886, 0.699236, 0.677523, 0.655145, 0.632161, 0.608411, 0.584546, 0.559794, 0.534232, 0.507432, 0.480064, 0.451957, 0.423167, 0.393732, 0.363503, 0.332654, 0.300902, 0.268035, 0.234714, 0.200563, 0.165296, 0.128786, 0.0909955, 0.0796599, 0.0687201, 0.0604234, 0.0539424, 0.0495377, 0.0483224, 0.0475783, 0.0402385, 0.0409879, 0.0402811, 0.0384288, 0.0396759, 0.0387265, 0.0364189, 0.0339067, 0.0351349, 0.0356483, 0.0354794, 0.035554, 0.0346936, 0.0338863, 0.03327, 0.0329561, 0.0309279, 0.0297725, 0.0290645, 0.0296105, 0.0303173, 0.0311388, 0.0313893, 0.0316001, 0.032029, 0.0319023, 0.0315886, 0.0319563, 0.030991, 0.0290817, 0.0276778, 0.025993, 0.0245305, 0.0225913, 0.0217808, 0.0224206, 0.0233357, 0.0242206, 0.0239554, 0.0239799, 0.0237943, 0.0236593, 0.0241311, 0.0243446, 0.0240755, 0.0216776, 0.0204023, 0.0175144, 0.0122386, 0.0110364, 0.016131, 0.0172946


Size,128,128
Beta,10
Delta,0.5
autocorr,1, 0.949729, 0.899272, 0.841506, 0.776495, 0.706212, 0.633308, 0.560132, 0.484255, 0.40631, 0.336022, 0.285004, 0.251068, 0.223992, 0.188069, 0.158665, 0.147056, 0.134567, 0.10964, 0.0909466, 0.0776248, 0.0605704, 0.0529976, 0.0409525, 0.0328359, 0.0333721, 0.0306255, 0.0257095, 0.0270445, 0.0287929, 0.0308696, 0.0335023, 0.0362443, 0.0389208, 0.0437464, 0.0423722, 0.0448524, 0.0489675, 0.0538513, 0.061579, 0.0691792, 0.0765805, 0.0839324, 0.0900361, 0.0940659, 0.0969774, 0.0975526, 0.0984311, 0.0983609, 0.0969546, 0.0924389, 0.0863483, 0.080322, 0.0747878, 0.0684512, 0.0607712, 0.053814, 0.047133, 0.0423507, 0.0377441, 0.0335039, 0.0280374, 0.0256527, 0.023638, 0.0231358, 0.022677, 0.0226498, 0.0245913, 0.0268481, 0.0274593, 0.0281765, 0.0272989, 0.0268141, 0.0285411, 0.0319687, 0.0352527, 0.0358373, 0.0378929, 0.0400726, 0.0413784, 0.0454952, 0.0468454, 0.049356, 0.0509758, 0.0517692, 0.0505337, 0.0496613, 0.0468454, 0.0464851, 0.0470449, 0.0495059, 0.0519131, 0.0519975, 0.0485368, 0.0421468, 0.0367899, 0.0334653, 0.0239352, 0.025511


Size,128,128
Beta,10
Delta,1
autocorr,1, 0.86643, 0.753739, 0.695667, 0.67084, 0.676663, 0.668926, 0.696859, 0.685402, 0.651693, 0.648796, 0.655782, 0.668714, 0.702144, 0.712509, 0.697229, 0.666345, 0.62174, 0.610133, 0.633181, 0.62962, 0.647787, 0.641683, 0.599895, 0.59233, 0.614003, 0.611802, 0.60949, 0.583432, 0.533642, 0.551729, 0.569809, 0.612393, 0.622858, 0.603547, 0.574965, 0.586169, 0.565589, 0.567554, 0.577396, 0.615709, 0.651092, 0.628964, 0.561902, 0.495626, 0.462344, 0.426125, 0.422709, 0.405649, 0.396765, 0.415172, 0.431637, 0.421723, 0.450588, 0.459988, 0.484106, 0.516546, 0.512018, 0.504082, 0.471016, 0.430404, 0.408298, 0.38626, 0.395661, 0.411632, 0.460575, 0.46869, 0.49956, 0.479155, 0.524895, 0.555525, 0.61741, 0.673137, 0.738307, 0.74416, 0.710535, 0.664374, 0.662484, 0.714054, 0.751854, 0.790586, 0.802256, 0.778033, 0.673689, 0.537339, 0.418598, 0.332301, 0.327293, 0.345196, 0.437217, 0.532867, 0.583538, 0.554182, 0.525992, 0.533728, 0.469785, 0.251564, 0.0846559, 0.0740468


Size,128,128
Beta,10
Delta,5
autocorr,1, 0.96911, 0.938438, 0.900721, 0.85582, 0.816134, 0.761455, 0.724533, 0.693586, 0.663442, 0.645297, 0.624212, 0.58873, 0.567155, 0.543888, 0.510789, 0.486609, 0.475368, 0.451524, 0.43725, 0.429772, 0.428135, 0.436634, 0.444301, 0.446894, 0.459932, 0.477779, 0.484182, 0.508891, 0.534183, 0.549488, 0.568088, 0.589446, 0.595229, 0.612247, 0.621132, 0.621108, 0.628375, 0.638883, 0.648375, 0.676184, 0.709767, 0.741862, 0.774709, 0.807062, 0.82007, 0.836148, 0.844535, 0.833127, 0.801021, 0.777862, 0.75413, 0.751178, 0.736363, 0.731455, 0.723086, 0.731327, 0.715673, 0.700121, 0.677884, 0.647892, 0.613702, 0.590418, 0.553338, 0.530517, 0.528178, 0.545439, 0.562415, 0.586415, 0.628675, 0.695649, 0.760269, 0.821401, 0.897654, 0.98192, 1.05478, 1.11985, 1.20557, 1.26018, 1.29389, 1.32877, 1.34949, 1.34335, 1.36049, 1.36613, 1.37371, 1.35851, 1.30658, 1.29394, 1.36287, 1.37797, 1.38966, 1.38609, 1.29094, 1.23218, 1.23357, 1.25199, 1.31694, 1.0889


Size,128,128
Beta,10
Delta,10
autocorr,1, 0.975226, 0.948937, 0.919565, 0.880513, 0.838102, 0.809062, 0.772157, 0.736927, 0.699854, 0.649855, 0.612616, 0.570522, 0.532356, 0.498185, 0.473741, 0.450073, 0.422119, 0.400168, 0.383533, 0.365089, 0.34563, 0.333302, 0.329199, 0.327353, 0.325278, 0.323509, 0.326428, 0.331298, 0.318227, 0.298047, 0.284756, 0.271526, 0.251098, 0.244578, 0.24856, 0.261898, 0.279702, 0.305841, 0.328069, 0.347611, 0.369312, 0.383121, 0.406147, 0.438776, 0.475095, 0.518885, 0.547648, 0.605184, 0.654637, 0.706774, 0.744436, 0.775675, 0.827556, 0.875148, 0.905502, 0.937565, 0.955888, 0.985661, 0.969599, 0.952209, 0.936623, 0.911705, 0.890941, 0.869232, 0.857153, 0.842605, 0.825372, 0.796634, 0.770542, 0.772077, 0.759142, 0.736235, 0.726214, 0.737503, 0.735065, 0.722237, 0.746906, 0.789245, 0.839263, 0.867957, 0.907334, 0.940066, 0.964107, 0.973408, 0.971266, 0.928025, 0.912399, 0.876792, 0.81281, 0.762527, 0.691602, 0.546213, 0.373428, 0.35897, 0.330788, 0.187461, 0.105626, 0.0739077


